reviewId,userName,userImage,content,score,thumbsUpCount,reviewCreatedVersion,at,replyContent,repliedAt,appVersion,tokens,tokens_stopword_rm,tokens_stemmed,clean_text,raw_polarity,raw_subjectivity,clean_polarity,clean_subjectivity,sentiment_polarity,sentiment_subjective,wordCount,uppercaseCharCount,specialCharCount,sentiment_rating
78c416e3-9ba3-4a19-95d7-414fe40b0c4d,Na************la,https://play-lh.googleusercontent.com/a-/ALV-UjVVEqYFY6NRmBTzU577h8-isjlDt4NPCXSrrngAtts7qnASFT-8,hopefully there will be more routes in malang esp ke arah singosari,4,0,1.2.9,2025-12-28 00:06:49,,,1.2.9,"['hopefully', 'there', 'will', 'be', 'more', 'routes', 'in', 'malang', 'esp', 'ke', 'arah', 'singosari']","['hopefully', 'routes', 'malang', 'esp', 'arah', 'singosari']","['hopefully', 'there', 'will', 'be', 'more', 'route', 'in', 'malang', 'esp', 'ke', 'arah', 'singosari']",hopefully there will be more route in malang esp ke arah singosari,0.5,0.5,0.5,0.5,0.5,0.5,12,0,0,Positive
9c43d2ae-31a7-48d3-a669-5351f751d0b3,M.*********************ni,https://play-lh.googleusercontent.com/a-/ALV-UjWRLvObeXVOebCJXdsTdnfI-04_K2YAJKk-QIHgDK7765JHyK5-RQ,"gabisa login google di versi terbarunya di redmi note 14 pro, loading doang ga muncul pop up buat milih akun login nya",1,0,1.2.9,2025-12-21 22:45:47,,,1.2.9,"['gabisa', 'login', 'google', 'di', 'versi', 'terbarunya', 'di', 'redmi', 'note', '14', 'pro,', 'loading', 'doang', 'ga', 'muncul', 'pop', 'up', 'buat', 'milih', 'akun', 'login', 'nya']","['gabisa', 'login', 'google', 'versi', 'terbarunya', 'redmi', 'note', '14', 'pro,', 'loading', 'doang', 'ga', 'muncul', 'pop', 'buat', 'milih', 'akun', 'login', 'nya']","['gabisa', 'login', 'google', 'di', 'versi', 'terbarunya', 'di', 'redmi', 'note', '14', 'pro,', 'loading', 'doang', 'ga', 'muncul', 'pop', 'up', 'buat', 'milih', 'akun', 'login', 'nya']","gabisa login google di versi terbarunya di redmi note 14 pro, loading doang ga muncul pop up buat milih akun login nya",0.0,0.0,0.0,0.0,0.0,0.0,22,0,1,Negative
ac12fd97-5849-4af7-a4eb-033ae7f2673a,Ro*********ah,https://play-lh.googleusercontent.com/a-/ALV-UjXcTvf_Xdns6LpBG50IC3Mo6AYTt7wQC-2CdAyJtwJawnBH_UtW,"gps-nya kadang sering ga akurat, adminnya responsive meskipun lama balesnya. tapi secara general, apps ini membantu bgt sih. semoga tj luxury koridor 4 segera beroprasi, aaamiiin...",5,0,1.2.7,2025-12-18 12:17:32,,,1.2.7,"['gps-nya', 'kadang', 'sering', 'ga', 'akurat,', 'adminnya', 'responsive', 'meskipun', 'lama', 'balesnya.', 'tapi', 'secara', 'general,', 'apps', 'ini', 'membantu', 'bgt', 'sih.', 'semoga', 'tj', 'luxury', 'koridor', '4', 'segera', 'beroprasi,', 'aaamiiin...']","['gps-nya', 'kadang', 'sering', 'ga', 'akurat,', 'adminnya', 'responsive', 'meskipun', 'lama', 'balesnya.', 'general,', 'apps', 'membantu', 'bgt', 'sih.', 'semoga', 'tj', 'luxury', 'koridor', '4', 'segera', 'beroprasi,', 'aaamiiin...']","['gps-nya', 'kadang', 'sering', 'ga', 'akurat,', 'adminnya', 'responsive', 'meskipun', 'lama', 'balesnya.', 'tapi', 'secara', 'general,', 'apps', 'ini', 'membantu', 'bgt', 'sih.', 'semoga', 'tj', 'luxury', 'koridor', '4', 'segera', 'beroprasi,', 'aaamiiin...']","gps-nya kadang sering ga akurat, adminnya responsive meskipun lama balesnya. tapi secara general, apps ini membantu bgt sih. semoga tj luxury koridor 4 segera beroprasi, aaamiiin...",0.05000000000000002,0.5,0.05000000000000002,0.5,0.05000000000000002,0.5,26,0,9,Positive
7392326f-7453-4142-bcaf-c76eafc72fd9,Fa*********dh,https://play-lh.googleusercontent.com/a-/ALV-UjVq-VkAIUJ3Mf0IrCG-OBpxDn3qEUXfq5NexT-DEUfwdcZxLRvJ,"gabisa login aplikasi, loading terus",1,0,1.2.8,2025-12-16 00:54:00,"Halo kak,Setelah kami lakukan pengecekan kondisi aplikasi tetap normal. Dapat dilakukan refresh pada aplikasi jika terkendala log in. TJ02",2025-11-24 08:08:53,1.2.8,"['gabisa', 'login', 'aplikasi,', 'loading', 'terus']","['gabisa', 'login', 'aplikasi,', 'loading', 'terus']","['gabisa', 'login', 'aplikasi,', 'loading', 'terus']","gabisa login aplikasi, loading terus",0.0,0.0,0.0,0.0,0.0,0.0,5,0,1,Negative
f27806d1-6920-4b29-9b28-818e2aa99c37,Gi**********di,https://play-lh.googleusercontent.com/a-/ALV-UjXnOiy5n3TXhuwbU9yvbWLeuZmbue2w3cQMIeCz78XIXPYzT3X6,bobrok ga bisa login,1,0,,2025-12-11 05:45:00,,,,"['bobrok', 'ga', 'bisa', 'login']","['bobrok', 'ga', 'login']","['bobrok', 'ga', 'bisa', 'login']",bobrok ga bisa login,0.0,0.0,0.0,0.0,0.0,0.0,4,0,0,Negative
02776939-8e4f-46eb-829f-d70f6feb4259,Ha*******yo,https://play-lh.googleusercontent.com/a-/ALV-UjXO82o6411UQnsz3VjG54PTpsPiJem6jRnAL0h9U-czlzFopWsj,"gak bisa login. setelah itu pasti dijawab sama akun dishub. ""halo, untuk aplikasi sudah kami cek tidak ada masalah"".",1,0,1.2.7,2025-12-09 00:24:07,,,1.2.7,"['gak', 'bisa', 'login.', 'setelah', 'itu', 'pasti', 'dijawab', 'sama', 'akun', 'dishub.', '""halo,', 'untuk', 'aplikasi', 'sudah', 'kami', 'cek', 'tidak', 'ada', 'masalah"".']","['gak', 'login.', 'dijawab', 'sama', 'akun', 'dishub.', '""halo,', 'aplikasi', 'cek', 'masalah"".']","['gak', 'bisa', 'login.', 'setelah', 'itu', 'pasti', 'dijawab', 'sama', 'akun', 'dishub.', '""halo,', 'untuk', 'aplikasi', 'sudah', 'kami', 'cek', 'tidak', 'ada', 'masalah"".']","gak bisa login. setelah itu pasti dijawab sama akun dishub. ""halo, untuk aplikasi sudah kami cek tidak ada masalah"".",0.0,0.0,0.0,0.0,0.0,0.0,19,0,6,Negative
f384d892-58cf-4a02-9396-fea0db0d0707,Mu***********ur,https://play-lh.googleusercontent.com/a-/ALV-UjWJ--7W1MXPlRTkE3Nel-VURw_WA57WUo0ilOKvuuF8bk8lPJ0,ga bisa login terus!! selalu pop up notif request cancelled by transjatim!! device xiaomi 14t. solusinya dev!!,1,0,,2025-12-05 22:01:34,"Halo kak,Setelah kami lakukan pengecekan kondisi aplikasi tetap normal. Dapat dilakukan refresh pada aplikasi jika terkendala log in. TJ02",2025-12-08 01:20:09,,"['ga', 'bisa', 'login', 'terus!!', 'selalu', 'pop', 'up', 'notif', 'request', 'cancelled', 'by', 'transjatim!!', 'device', 'xiaomi', '14t.', 'solusinya', 'dev!!']","['ga', 'login', 'terus!!', 'selalu', 'pop', 'notif', 'request', 'cancelled', 'transjatim!!', 'device', 'xiaomi', '14t.', 'solusinya', 'dev!!']","['ga', 'bisa', 'login', 'terus!!', 'selalu', 'pop', 'up', 'notif', 'request', 'cancelled', 'by', 'transjatim!!', 'device', 'xiaomi', '14t.', 'solusinya', 'dev!!']",ga bisa login terus!! selalu pop up notif request cancelled by transjatim!! device xiaomi 14t. solusinya dev!!,0.0,0.0,0.0,0.0,0.0,0.0,17,0,7,Negative
510a8c8c-1546-4318-9550-7fb7cbfc843a,Pu**********an,https://play-lh.googleusercontent.com/a/ACg8ocLPUO-TJd3yuZ69VR_Enfewto_22ROC5AliCRFOJc3l_iXZmA=mo,"sign in bermasalah, sudah add account gmail, dan tidak ada muncul accaount gmail yang sudah didaftar di hp",1,0,,2025-12-04 04:59:30,"Halo kak,Setelah kami lakukan pengecekan kondisi aplikasi tetap normal. Dapat dilakukan refresh pada aplikasi jika terkendala log in. TJ02
",2025-12-08 01:18:04,,"['sign', 'in', 'bermasalah,', 'sudah', 'add', 'account', 'gmail,', 'dan', 'tidak', 'ada', 'muncul', 'accaount', 'gmail', 'yang', 'sudah', 'didaftar', 'di', 'hp']","['sign', 'bermasalah,', 'add', 'account', 'gmail,', 'muncul', 'accaount', 'gmail', 'didaftar', 'hp']","['sign', 'in', 'bermasalah,', 'sudah', 'add', 'account', 'gmail,', 'dan', 'tidak', 'ada', 'muncul', 'accaount', 'gmail', 'yang', 'sudah', 'didaftar', 'di', 'hp']","sign in bermasalah, sudah add account gmail, dan tidak ada muncul accaount gmail yang sudah didaftar di hp",0.0,0.0,0.0,0.0,0.0,0.0,18,0,2,Negative
362f36e3-502c-4dfc-8fd6-861e69e1704f,Pr****HT,https://play-lh.googleusercontent.com/a-/ALV-UjWRLRv6DMtuMNldDx6Xn40fsLBI_2LZnrj3EC3Di8fxiGFGyfE,mantap. namun perlu dikaji untuk penambahan halte di beberapa tempat yang banyak penduduk,5,1,1.2.7,2025-11-28 11:58:09,"Halo kak, terima kasih atas apresiasi dan support yang diberikan. Evaluasi terkait titik pemberhentian guna memudahkan akses pnp yang ingin menggunakan layanan Transjatim. Update informasi dapat di check melalui semua app Transjatim Ajaib. TJ02
",2025-12-08 01:03:53,1.2.7,"['mantap.', 'namun', 'perlu', 'dikaji', 'untuk', 'penambahan', 'halte', 'di', 'beberapa', 'tempat', 'yang', 'banyak', 'penduduk']","['mantap.', 'perlu', 'dikaji', 'penambahan', 'halte', 'beberapa', 'tempat', 'banyak', 'penduduk']","['mantap.', 'namun', 'perlu', 'dikaji', 'untuk', 'penambahan', 'halte', 'di', 'beberapa', 'tempat', 'yang', 'banyak', 'penduduk']",mantap. namun perlu dikaji untuk penambahan halte di beberapa tempat yang banyak penduduk,0.0,0.0,0.0,0.0,0.0,0.0,13,0,1,Positive
8dfed06b-41de-4ed4-b977-ac9beecdb6cb,he*********ni,https://play-lh.googleusercontent.com/a/ACg8ocJBwH4B3TE6SiaWy9zba18cNeWXH-diJbgOwU3ebk5LYGKRtg=mo,mau log in pakai email gabisa terus.,1,0,1.2.7,2025-11-27 13:43:22,"Halo kak,Setelah kami lakukan pengecekan kondisi aplikasi tetap normal. Dapat dilakukan refresh pada aplikasi jika terkendala log in. TJ02",2025-12-01 01:09:20,1.2.7,"['mau', 'log', 'in', 'pakai', 'email', 'gabisa', 'terus.']","['mau', 'log', 'pakai', 'email', 'gabisa', 'terus.']","['mau', 'log', 'in', 'pakai', 'email', 'gabisa', 'terus.']",mau log in pakai email gabisa terus.,0.0,0.0,0.0,0.0,0.0,0.0,7,0,1,Negative
70992e43-12b1-407a-82f9-9e7b3ed06f4d,Ri********ia,https://play-lh.googleusercontent.com/a-/ALV-UjUmFwbvYcTXkAu1IO_34l--eQ5KhR6egJIUpHwJVOIZyY_gBiw0ZQ,"login google di aplikasi transjatim sangat bermasalah di vivo os 15. versi terbaru hanya bs loading (checking info) tanpa bisa pilih akun google dan akhirnya ga pernah bs masuk ke menu utama. terpaksa pake versi lama (1.2.1), itupun awalnya loading lama banget sampe hrs coba pake akun lain baru bs. padahal aplikasi lain yang memakai google login ga ada masalah, normal¬≤ aja, cuma app ini yg ga bs. tolong diperbaiki",1,0,1.2.7,2025-11-25 01:00:16,"Halo kak,Setelah kami lakukan pengecekan kondisi aplikasi tetap normal. Dapat dilakukan refresh pada aplikasi jika terkendala log in. TJ02
",2025-11-26 01:06:30,1.2.7,"['login', 'google', 'di', 'aplikasi', 'transjatim', 'sangat', 'bermasalah', 'di', 'vivo', 'os', '15.', 'versi', 'terbaru', 'hanya', 'bs', 'loading', '(checking', 'info)', 'tanpa', 'bisa', 'pilih', 'akun', 'google', 'dan', 'akhirnya', 'ga', 'pernah', 'bs', 'masuk', 'ke', 'menu', 'utama.', 'terpaksa', 'pake', 'versi', 'lama', '(1.2.1),', 'itupun', 'awalnya', 'loading', 'lama', 'banget', 'sampe', 'hrs', 'coba', 'pake', 'akun', 'lain', 'baru', 'bs.', 'padahal', 'aplikasi', 'lain', 'yang', 'memakai', 'google', 'login', 'ga', 'ada', 'masalah,', 'normal¬≤', 'aja,', 'cuma', 'app', 'ini', 'yg', 'ga', 'bs.', 'tolong', 'diperbaiki']","['login', 'google', 'aplikasi', 'transjatim', 'sangat', 'bermasalah', 'vivo', 'os', '15.', 'versi', 'terbaru', 'bs', 'loading', '(checking', 'info)', 'pilih', 'akun', 'google', 'akhirnya', 'ga', 'pernah', 'bs', 'masuk', 'menu', 'utama.', 'terpaksa', 'pake', 'versi', 'lama', '(1.2.1),', 'itupun', 'awalnya', 'loading', 'lama', 'banget', 'sampe', 'hrs', 'coba', 'pake', 'akun', 'baru', 'bs.', 'padahal', 'aplikasi', 'memakai', 'google', 'login', 'ga', 'masalah,', 'normal¬≤', 'aja,', 'cuma', 'app', 'yg', 'ga', 'bs.', 'diperbaiki']","['login', 'google', 'di', 'aplikasi', 'transjatim', 'sangat', 'bermasalah', 'di', 'vivo', 'o', '15.', 'versi', 'terbaru', 'hanya', 'b', 'loading', '(checking', 'info)', 'tanpa', 'bisa', 'pilih', 'akun', 'google', 'dan', 'akhirnya', 'ga', 'pernah', 'b', 'masuk', 'ke', 'menu', 'utama.', 'terpaksa', 'pake', 'versi', 'lama', '(1.2.1),', 'itupun', 'awalnya', 'loading', 'lama', 'banget', 'sampe', 'hr', 'coba', 'pake', 'akun', 'lain', 'baru', 'bs.', 'padahal', 'aplikasi', 'lain', 'yang', 'memakai', 'google', 'login', 'ga', 'ada', 'masalah,', 'normal', 'aja,', 'cuma', 'app', 'ini', 'yg', 'ga', 'bs.', 'tolong', 'diperbaiki']","login google di aplikasi transjatim sangat bermasalah di vivo o 15. versi terbaru hanya b loading (checking info) tanpa bisa pilih akun google dan akhirnya ga pernah b masuk ke menu utama. terpaksa pake versi lama (1.2.1), itupun awalnya loading lama banget sampe hr coba pake akun lain baru bs. padahal aplikasi lain yang memakai google login ga ada masalah, normal aja, cuma app ini yg ga bs. tolong diperbaiki",0.0,0.0,0.15,0.6499999999999999,0.0,0.0,70,0,13,Negative
9ed489cd-b5db-4bf3-879c-e33a824b8b5b,Ra**********sy,https://play-lh.googleusercontent.com/a-/ALV-UjVWtbdQc74BOR35KCY0hFQS7Wf4tT6cks3V4ayM-o-nJyFJ_kk,"masa payment gateway dimonopoli astra, harus pake astrapay, udah gitu tiket yang tersedia cuma umum, gaada tiket pelajar, percuma user interface bagus tapi dibandingkan sama aplikasi gobis yg jelek aja masih kalah",1,1,1.2.7,2025-11-21 14:02:19,,,1.2.7,"['masa', 'payment', 'gateway', 'dimonopoli', 'astra,', 'harus', 'pake', 'astrapay,', 'udah', 'gitu', 'tiket', 'yang', 'tersedia', 'cuma', 'umum,', 'gaada', 'tiket', 'pelajar,', 'percuma', 'user', 'interface', 'bagus', 'tapi', 'dibandingkan', 'sama', 'aplikasi', 'gobis', 'yg', 'jelek', 'aja', 'masih', 'kalah']","['masa', 'payment', 'gateway', 'dimonopoli', 'astra,', 'pake', 'astrapay,', 'udah', 'gitu', 'tiket', 'tersedia', 'cuma', 'umum,', 'gaada', 'tiket', 'pelajar,', 'percuma', 'user', 'interface', 'bagus', 'dibandingkan', 'sama', 'aplikasi', 'gobis', 'yg', 'jelek', 'aja', 'kalah']","['masa', 'payment', 'gateway', 'dimonopoli', 'astra,', 'harus', 'pake', 'astrapay,', 'udah', 'gitu', 'tiket', 'yang', 'tersedia', 'cuma', 'umum,', 'gaada', 'tiket', 'pelajar,', 'percuma', 'user', 'interface', 'bagus', 'tapi', 'dibandingkan', 'sama', 'aplikasi', 'gobi', 'yg', 'jelek', 'aja', 'masih', 'kalah']","masa payment gateway dimonopoli astra, harus pake astrapay, udah gitu tiket yang tersedia cuma umum, gaada tiket pelajar, percuma user interface bagus tapi dibandingkan sama aplikasi gobi yg jelek aja masih kalah",0.0,0.0,0.0,0.0,0.0,0.0,32,0,4,Negative
8271677e-c5d5-40dd-a921-0bd9cf3e87df,De**********at,https://play-lh.googleusercontent.com/a-/ALV-UjWGp0hD28kN8vB45pWcQcahD9aOht40KHlNWJXxxpsGOZkAVH5F,jos joss malangraya,5,0,1.2.7,2025-11-21 07:35:11,,,1.2.7,"['jos', 'joss', 'malangraya']","['jos', 'joss', 'malangraya']","['jos', 'joss', 'malangraya']",jos joss malangraya,0.0,0.0,0.0,0.0,0.0,0.0,3,0,0,Positive
cb8b602e-1313-4faf-83bb-19bd561b29e9,No***************an,https://play-lh.googleusercontent.com/a-/ALV-UjW7CFr25Y72NpKlhB2RU3Ycea9sT2vy5D_5hQSUJufFrDFr5wiE,ngga bisa login,3,1,1.2.7,2025-11-21 02:31:26,,,1.2.7,"['ngga', 'bisa', 'login']","['ngga', 'login']","['ngga', 'bisa', 'login']",ngga bisa login,0.0,0.0,0.0,0.0,0.0,0.0,3,0,0,Neutral
e11fd9d3-0709-46bd-8763-7899485448e8,Fa**********ky,https://play-lh.googleusercontent.com/a-/ALV-UjXBBOuUGD_8XaLqsU6BuDUdM0nb1YgRZdobcI0cN0ydAef4gaTg4g,"ac kurang dingin, jadi di dalam terasa pengap",4,1,1.2.7,2025-11-21 01:03:05,,,1.2.7,"['ac', 'kurang', 'dingin,', 'jadi', 'di', 'dalam', 'terasa', 'pengap']","['ac', 'kurang', 'dingin,', 'jadi', 'terasa', 'pengap']","['ac', 'kurang', 'dingin,', 'jadi', 'di', 'dalam', 'terasa', 'pengap']","ac kurang dingin, jadi di dalam terasa pengap",0.0,0.0,0.0,0.0,0.0,0.0,8,0,1,Positive
7699ba44-3ffc-4bc4-b979-9f870037675b,Af**di,https://play-lh.googleusercontent.com/a/ACg8ocLXLbdCCjlizIo5YLK5rpieF4nOchmH5S2d6h-LDIpG1ucvarCm=mo,unstable,3,0,1.2.7,2025-11-20 10:03:11,"Halo kak, dapat diinfokan detail aduannya ? agar segera kami tindak lanjuti. TJ02
",2025-11-21 04:16:51,1.2.7,['unstable'],['unstable'],['unstable'],unstable,0.0,0.0,0.0,0.0,0.0,0.0,1,0,0,Neutral
bc8f745f-de50-4b79-b19e-7b83b6088bc5,fe************na,https://play-lh.googleusercontent.com/a-/ALV-UjVYr34HuVzrHTdpqjAPJESmV2zviNCJNRzJvyQ0UsmIdts-Dr8,can't login even already made a new google account,1,1,,2025-11-08 12:12:30,"Halo kak, jika terkendala aplikasi dapat melalukan forced close (tutup paksa) pada aplikasi. Kemudian login kembali dan pastikan jaringan terhubung dengan baik. TJ02",2025-11-10 01:33:52,,"[""can't"", 'login', 'even', 'already', 'made', 'a', 'new', 'google', 'account']","[""can't"", 'login', 'even', 'already', 'made', 'new', 'google', 'account']","[""can't"", 'login', 'even', 'already', 'made', 'a', 'new', 'google', 'account']",can't login even already made a new google account,0.13636363636363635,0.45454545454545453,0.13636363636363635,0.45454545454545453,0.13636363636363635,0.45454545454545453,9,0,1,Negative
8037c0b4-dcb7-4ecd-bbd7-b87af9853267,Re**********ad,https://play-lh.googleusercontent.com/a-/ALV-UjX5PlpZ85NELRi30-74Dj_bdEDAx-5xq1fPAkcR65fwzk7Nd4aN,"bisnya membahayakan penumpang. penumpang baru naik langsung di-gas ama supirnya. 2 kali tidak dibukakan pintu, padahal masih bisa berdiri. evaluasi dong",1,0,1.2.6,2025-11-08 10:10:21,"Halo kak, Dapat diinfokan secara detail aduannya kak waktu, tanggal, dan tempat beserta kode bus, ataupun foto tiket busnya melalui DM sosial media kami ? agar dapat segera kami tindak lanjuti. Segala tindakan yang melanggar SOP layanan Transjatim akan diberikan sanksi secara tegas. TJ02",2025-11-10 01:34:42,1.2.6,"['bisnya', 'membahayakan', 'penumpang.', 'penumpang', 'baru', 'naik', 'langsung', 'di-gas', 'ama', 'supirnya.', '2', 'kali', 'tidak', 'dibukakan', 'pintu,', 'padahal', 'masih', 'bisa', 'berdiri.', 'evaluasi', 'dong']","['bisnya', 'membahayakan', 'penumpang.', 'penumpang', 'baru', 'naik', 'langsung', 'di-gas', 'ama', 'supirnya.', '2', 'kali', 'dibukakan', 'pintu,', 'padahal', 'berdiri.', 'evaluasi', 'dong']","['bisnya', 'membahayakan', 'penumpang.', 'penumpang', 'baru', 'naik', 'langsung', 'di-gas', 'ama', 'supirnya.', '2', 'kali', 'tidak', 'dibukakan', 'pintu,', 'padahal', 'masih', 'bisa', 'berdiri.', 'evaluasi', 'dong']","bisnya membahayakan penumpang. penumpang baru naik langsung di-gas ama supirnya. 2 kali tidak dibukakan pintu, padahal masih bisa berdiri. evaluasi dong",0.0,0.0,0.0,0.0,0.0,0.0,21,0,5,Negative
89e35648-d14b-410b-b8d4-0a0cf5f29935,Mu************ir,https://play-lh.googleusercontent.com/a-/ALV-UjVBu_ZOIHD0Lfeu7HKLNiN3ZO6_YVr-XEWlthoFsrNcXbxqWf0,luar biasa,5,0,1.2.6,2025-11-07 01:21:09,"Halo kak, terima kasih atas apresiasi dan support yang diberikan. TJ02 üòä

",2025-11-10 01:33:08,1.2.6,"['luar', 'biasa']","['luar', 'biasa']","['luar', 'biasa']",luar biasa,0.0,0.0,0.0,0.0,0.0,0.0,2,0,0,Positive
85ebadcb-b4ae-450a-bec8-4d30fd9dc12c,Al***************el,https://play-lh.googleusercontent.com/a-/ALV-UjUlFzSxaR8lWWKf3ovtHwlL7kxcQBtrd3CVK-oi60OJJwIJ6Krj,"aplikasinya sering bug, saya tidak bsia login",3,0,,2025-11-06 23:03:21,"Halo kak, tidak ada kendala pada aplikasi. Jika dirasa tidak bisa log in dapat melakukan refresh pada aplikasi dan pastikan jaringan terhubung dengan baik. TJ02",2025-11-07 01:29:28,,"['aplikasinya', 'sering', 'bug,', 'saya', 'tidak', 'bsia', 'login']","['aplikasinya', 'sering', 'bug,', 'bsia', 'login']","['aplikasinya', 'sering', 'bug,', 'saya', 'tidak', 'bsia', 'login']","aplikasinya sering bug, saya tidak bsia login",0.0,0.0,0.0,0.0,0.0,0.0,7,0,1,Neutral
741ae657-5286-4fd4-8b91-dea8b31c90d0,An***********di,https://play-lh.googleusercontent.com/a-/ALV-UjUFCyKPsdYUfCm3oCMomcQxAOKzhLoCOo6BYdHXy4aOaepYo5o,aplikasi dengan peta integrasi terbaik ü´∞,5,0,1.2.4,2025-10-18 23:44:29,"Halo kak, terima kasih atas apresiasi dan support yang diberikan. TJ02 üòä
",2025-10-20 02:13:43,1.2.4,"['aplikasi', 'dengan', 'peta', 'integrasi', 'terbaik', 'ü´∞']","['aplikasi', 'peta', 'integrasi', 'terbaik', 'ü´∞']","['aplikasi', 'dengan', 'peta', 'integrasi', 'terbaik', '']",aplikasi dengan peta integrasi terbaik ,0.0,0.0,0.0,0.0,0.0,0.0,6,0,0,Positive
28decc0b-2bcb-437c-946f-12497e752d8f,Vi*********da,https://play-lh.googleusercontent.com/a-/ALV-UjWl4R5VZhr0ROTs3jbHq1v8tlIkbnm3aeHYabwNDNbMcIZKykgiMA,tolong jam operasional antar bus nya lebih cepat jangan terlalu lama karena penumpangnya banyak,5,0,1.2.4,2025-10-17 06:02:59,"Halo kak, keberangkatan bus sesuai dengan time table yang di post melalui IG story kami. TJ02",2025-10-20 02:11:36,1.2.4,"['tolong', 'jam', 'operasional', 'antar', 'bus', 'nya', 'lebih', 'cepat', 'jangan', 'terlalu', 'lama', 'karena', 'penumpangnya', 'banyak']","['jam', 'operasional', 'antar', 'bus', 'nya', 'lebih', 'cepat', 'jangan', 'terlalu', 'lama', 'penumpangnya', 'banyak']","['tolong', 'jam', 'operasional', 'antar', 'bus', 'nya', 'lebih', 'cepat', 'jangan', 'terlalu', 'lama', 'karena', 'penumpangnya', 'banyak']",tolong jam operasional antar bus nya lebih cepat jangan terlalu lama karena penumpangnya banyak,0.0,0.0,0.0,0.0,0.0,0.0,14,0,0,Positive
51d1423c-e269-4de8-81f8-29e7421998d8,Be***************tu,https://play-lh.googleusercontent.com/a-/ALV-UjV-xrNSpe7AThNChqk2WTdRBJisrCapmgYieEop7BfB5vZoQcHc,medioker,1,0,,2025-10-16 10:14:21,"Halo kak, apakah terkendala saat menggunakan layanan transjatim ? Dapat diinfokan secara detail. Agar segera kami tindak lanjuti. TJ02
",2025-10-20 02:10:40,,['medioker'],['medioker'],['medioker'],medioker,0.0,0.0,0.0,0.0,0.0,0.0,1,0,0,Negative
4248cbef-7f06-465f-b4ec-f633c66b6654,Ri**********li,https://play-lh.googleusercontent.com/a-/ALV-UjW3lKmsFtkOZESAPUYpVa8QcyK61ISWa7UiWhSWvknifrYuwvg,"armada sedikit, kecil lagi kapasitas nya tambahin dong gedein juga biar muat banyak kek transjateng",1,1,1.2.1,2025-08-18 01:39:53,"Halo kak, ukuran bus sudah sesuai standart untuk jarak tempuh antar kota/kabupaten dengan mode rapid transit. Kami perbolehkan membawa barang bawaan dengan kapasitas maksimum dikarenakan layanan bus transjatim memprioritaskan mobilitas pnp.",2025-08-20 01:06:02,1.2.1,"['armada', 'sedikit,', 'kecil', 'lagi', 'kapasitas', 'nya', 'tambahin', 'dong', 'gedein', 'juga', 'biar', 'muat', 'banyak', 'kek', 'transjateng']","['armada', 'sedikit,', 'kecil', 'kapasitas', 'nya', 'tambahin', 'dong', 'gedein', 'biar', 'muat', 'banyak', 'kek', 'transjateng']","['armada', 'sedikit,', 'kecil', 'lagi', 'kapasitas', 'nya', 'tambahin', 'dong', 'gedein', 'juga', 'biar', 'muat', 'banyak', 'kek', 'transjateng']","armada sedikit, kecil lagi kapasitas nya tambahin dong gedein juga biar muat banyak kek transjateng",0.0,0.0,0.0,0.0,0.0,0.0,15,0,1,Negative
9fced434-9090-49d8-a071-766db52c02c0,Ap******to,https://play-lh.googleusercontent.com/a/ACg8ocK1t0ho-WCIIJdfVGVdWP4tijQYfRRzo59-4po7QmG_CyU2CQ=mo,terima kasih. sangat bermanfaat,5,0,1.2.1,2025-07-25 03:17:47,"
Halo kak, Terima kasih atas apresiasi yang diberikan, kami tunggu kembali di Transjatim! üòä",2025-07-28 01:53:16,1.2.1,"['terima', 'kasih.', 'sangat', 'bermanfaat']","['terima', 'kasih.', 'sangat', 'bermanfaat']","['terima', 'kasih.', 'sangat', 'bermanfaat']",terima kasih. sangat bermanfaat,0.0,0.0,0.0,0.0,0.0,0.0,4,0,1,Positive
adb4e28a-7831-4f5c-b7ac-a15ce5d286b1,ri********an,https://play-lh.googleusercontent.com/a-/ALV-UjW7leJWAAr2mJ9gcn4pcWkoSa9SdLMEFI1JupkwUp_KFEitGe65KA,lemotttttt,1,0,1.2.1,2025-05-29 05:06:32,"Halo kak dapat diinfokan secara detail kak waktu, tanggal, dan tempat kejadian melalui DM kami ? agar dapat segera kami tindak lanjuti üôè
",2025-06-02 08:02:59,1.2.1,['lemotttttt'],['lemotttttt'],['lemotttttt'],lemotttttt,0.0,0.0,0.0,0.0,0.0,0.0,1,0,0,Negative
2ffad6ef-c278-4413-8eed-cc18f5742973,Da***********to,https://play-lh.googleusercontent.com/a-/ALV-UjVWm3KYM6HJ1WJ5o_F6PrcwtrK4ILSmen2coS_1hiM9n6qNmxKa4g,niceeeeeee,5,0,1.2.1,2025-03-26 01:00:10,,,1.2.1,['niceeeeeee'],['niceeeeeee'],['niceeeeeee'],niceeeeeee,0.0,0.0,0.0,0.0,0.0,0.0,1,0,0,Positive
d831498f-23da-4e19-8bc1-46ea1e81bb69,sg***di,https://play-lh.googleusercontent.com/a-/ALV-UjX9Ju6LC7KBT6dQjWPJJeOBP8UQkZjb4vg19ak0VLyQKL27f6z9,mantab,5,0,1.2.1,2025-03-12 15:03:42,,,1.2.1,['mantab'],['mantab'],['mantab'],mantab,0.0,0.0,0.0,0.0,0.0,0.0,1,0,0,Positive
8c1238c6-a91c-46bf-96a6-2e516cf493c0,ki*****dy,https://play-lh.googleusercontent.com/a/ACg8ocLLP0IXvMGKdG_FHPN72V9GtVj7Mh7RU061m_veBTVOhiGjcQ=mo,"tolong sebelum launching aplikasi harap siapkan servernya, jaringan normal dibilanng unstable connection",1,3,1.2.1,2025-02-15 05:44:31,,,1.2.1,"['tolong', 'sebelum', 'launching', 'aplikasi', 'harap', 'siapkan', 'servernya,', 'jaringan', 'normal', 'dibilanng', 'unstable', 'connection']","['launching', 'aplikasi', 'harap', 'siapkan', 'servernya,', 'jaringan', 'normal', 'dibilanng', 'unstable', 'connection']","['tolong', 'sebelum', 'launching', 'aplikasi', 'harap', 'siapkan', 'servernya,', 'jaringan', 'normal', 'dibilanng', 'unstable', 'connection']","tolong sebelum launching aplikasi harap siapkan servernya, jaringan normal dibilanng unstable connection",0.15,0.6499999999999999,0.15,0.6499999999999999,0.15,0.6499999999999999,12,0,1,Negative
c5a9b50f-d9b5-49e0-b200-c917ed88ad94,Ry**********an,https://play-lh.googleusercontent.com/a-/ALV-UjXGIJ0OcWQShH-PVo4A58TJgzjbTRPR8XlmYPyGrw0iPtTwKepe,"aplikasi pemerintah,, tp bayar pakai astrapay punya swasta!!, knp g pakai qris atau bank bumn??? aneh",1,2,1.2.1,2025-02-03 17:38:58,,,1.2.1,"['aplikasi', 'pemerintah,,', 'tp', 'bayar', 'pakai', 'astrapay', 'punya', 'swasta!!,', 'knp', 'g', 'pakai', 'qris', 'atau', 'bank', 'bumn???', 'aneh']","['aplikasi', 'pemerintah,,', 'tp', 'bayar', 'pakai', 'astrapay', 'punya', 'swasta!!,', 'knp', 'g', 'pakai', 'qris', 'bank', 'bumn???', 'aneh']","['aplikasi', 'pemerintah,,', 'tp', 'bayar', 'pakai', 'astrapay', 'punya', 'swasta!!,', 'knp', 'g', 'pakai', 'qris', 'atau', 'bank', 'bumn???', 'aneh']","aplikasi pemerintah,, tp bayar pakai astrapay punya swasta!!, knp g pakai qris atau bank bumn??? aneh",0.0,0.0,0.0,0.0,0.0,0.0,16,0,8,Negative
40b61528-c61d-453b-b3f7-ca86f9fa2634,ri************to,https://play-lh.googleusercontent.com/a-/ALV-UjXFmKnlk5unllfUQn_dxD6PYv0lK-MdbrcqAv0VJaOypZmDyjb_,teman jalan jalan kita,5,0,1.2.1,2024-11-13 22:31:33,,,1.2.1,"['teman', 'jalan', 'jalan', 'kita']","['teman', 'jalan', 'jalan']","['teman', 'jalan', 'jalan', 'kita']",teman jalan jalan kita,0.0,0.0,0.0,0.0,0.0,0.0,4,0,0,Positive
d56862b9-118d-4532-a1f7-915738e71190,Mu************ok,https://play-lh.googleusercontent.com/a-/ALV-UjWmkTn3iai6qQkWW3zCwJonFVA8vMhaAiAtgJNAJp02GnIXrPH7,"menurut saya, segala hal yg dibutuhkan di aplikasi ini sudah terpenuhi. semua fitur berfungsi dengan baik. armada bagus dan dalam kondisi prima. stafnya ramah dan informatif. sistem pembayaran menurut saya sudah baik. semoga diikuti fasilitas halte yg lebih baik lagi.",5,0,1.2.0,2024-10-28 22:43:48,,,1.2.0,"['menurut', 'saya,', 'segala', 'hal', 'yg', 'dibutuhkan', 'di', 'aplikasi', 'ini', 'sudah', 'terpenuhi.', 'semua', 'fitur', 'berfungsi', 'dengan', 'baik.', 'armada', 'bagus', 'dan', 'dalam', 'kondisi', 'prima.', 'stafnya', 'ramah', 'dan', 'informatif.', 'sistem', 'pembayaran', 'menurut', 'saya', 'sudah', 'baik.', 'semoga', 'diikuti', 'fasilitas', 'halte', 'yg', 'lebih', 'baik', 'lagi.']","['saya,', 'segala', 'yg', 'dibutuhkan', 'aplikasi', 'terpenuhi.', 'semua', 'fitur', 'berfungsi', 'baik.', 'armada', 'bagus', 'kondisi', 'prima.', 'stafnya', 'ramah', 'informatif.', 'sistem', 'pembayaran', 'baik.', 'semoga', 'diikuti', 'fasilitas', 'halte', 'yg', 'lebih', 'baik', 'lagi.']","['menurut', 'saya,', 'segala', 'hal', 'yg', 'dibutuhkan', 'di', 'aplikasi', 'ini', 'sudah', 'terpenuhi.', 'semua', 'fitur', 'berfungsi', 'dengan', 'baik.', 'armada', 'bagus', 'dan', 'dalam', 'kondisi', 'prima.', 'stafnya', 'ramah', 'dan', 'informatif.', 'sistem', 'pembayaran', 'menurut', 'saya', 'sudah', 'baik.', 'semoga', 'diikuti', 'fasilitas', 'halte', 'yg', 'lebih', 'baik', 'lagi.']","menurut saya, segala hal yg dibutuhkan di aplikasi ini sudah terpenuhi. semua fitur berfungsi dengan baik. armada bagus dan dalam kondisi prima. stafnya ramah dan informatif. sistem pembayaran menurut saya sudah baik. semoga diikuti fasilitas halte yg lebih baik lagi.",0.0,0.0,0.0,0.0,0.0,0.0,40,0,7,Positive
9b50088e-f849-46aa-a3e1-388b18e1fb63,Ab**********if,https://play-lh.googleusercontent.com/a/ACg8ocLP8DZk49QOr63-woilNV6Gq5SuPLb4wMmdLOQjV2Jb06WwEw=mo,"transjatim sangat membantu utk kebutuhan masyarakat, tetapi buat masukan setiap minggu sore di terminal bunder selalu terjadi penumpukan penumpang utk bus arah bungurasih, tidak sedikit yang sudah lama antri tidak kebagian bus, harap di berikan solusi, untk perbaikan yg lebih baik, bravo transjatim terimakasih",5,0,1.2.0,2024-10-20 10:58:22,,,1.2.0,"['transjatim', 'sangat', 'membantu', 'utk', 'kebutuhan', 'masyarakat,', 'tetapi', 'buat', 'masukan', 'setiap', 'minggu', 'sore', 'di', 'terminal', 'bunder', 'selalu', 'terjadi', 'penumpukan', 'penumpang', 'utk', 'bus', 'arah', 'bungurasih,', 'tidak', 'sedikit', 'yang', 'sudah', 'lama', 'antri', 'tidak', 'kebagian', 'bus,', 'harap', 'di', 'berikan', 'solusi,', 'untk', 'perbaikan', 'yg', 'lebih', 'baik,', 'bravo', 'transjatim', 'terimakasih']","['transjatim', 'sangat', 'membantu', 'utk', 'kebutuhan', 'masyarakat,', 'buat', 'masukan', 'minggu', 'sore', 'terminal', 'bunder', 'selalu', 'terjadi', 'penumpukan', 'penumpang', 'utk', 'bus', 'arah', 'bungurasih,', 'sedikit', 'lama', 'antri', 'kebagian', 'bus,', 'harap', 'berikan', 'solusi,', 'untk', 'perbaikan', 'yg', 'lebih', 'baik,', 'bravo', 'transjatim', 'terimakasih']","['transjatim', 'sangat', 'membantu', 'utk', 'kebutuhan', 'masyarakat,', 'tetapi', 'buat', 'masukan', 'setiap', 'minggu', 'sore', 'di', 'terminal', 'bunder', 'selalu', 'terjadi', 'penumpukan', 'penumpang', 'utk', 'bus', 'arah', 'bungurasih,', 'tidak', 'sedikit', 'yang', 'sudah', 'lama', 'antri', 'tidak', 'kebagian', 'bus,', 'harap', 'di', 'berikan', 'solusi,', 'untk', 'perbaikan', 'yg', 'lebih', 'baik,', 'bravo', 'transjatim', 'terimakasih']","transjatim sangat membantu utk kebutuhan masyarakat, tetapi buat masukan setiap minggu sore di terminal bunder selalu terjadi penumpukan penumpang utk bus arah bungurasih, tidak sedikit yang sudah lama antri tidak kebagian bus, harap di berikan solusi, untk perbaikan yg lebih baik, bravo transjatim terimakasih",0.0,0.0,0.0,0.0,0.0,0.0,44,0,5,Positive
22129e3a-8906-49e2-b320-ded3e035c8cd,Ze****ea,https://play-lh.googleusercontent.com/a-/ALV-UjXgYW9CP8Jlo7ffyOLvfxwFsyFgS_htYA5xlKTpzl4nOQ6mSh4,"tolong untuk rute bunder - paciran, haltenya bisa disesuaikan lagi. halte bungah harusnya berada di lapangan bungah, lebih mudah bagi penumpang untuk cari makan, cari tempat duduk, cari transportasi lanjutan, jangan di kantor pemerintah, kantor pemerintah jangan dijadikan acuan dong, tolong. terus halte surowiti, harusnya jangan di situ, gaada haltenya, halte eksisting ada di wotan, penumpang biasanya nunggu di wotan. kalian harus survey lagi dimana titik ramai penumpang.",4,0,,2024-10-15 23:03:36,,,,"['tolong', 'untuk', 'rute', 'bunder', '-', 'paciran,', 'haltenya', 'bisa', 'disesuaikan', 'lagi.', 'halte', 'bungah', 'harusnya', 'berada', 'di', 'lapangan', 'bungah,', 'lebih', 'mudah', 'bagi', 'penumpang', 'untuk', 'cari', 'makan,', 'cari', 'tempat', 'duduk,', 'cari', 'transportasi', 'lanjutan,', 'jangan', 'di', 'kantor', 'pemerintah,', 'kantor', 'pemerintah', 'jangan', 'dijadikan', 'acuan', 'dong,', 'tolong.', 'terus', 'halte', 'surowiti,', 'harusnya', 'jangan', 'di', 'situ,', 'gaada', 'haltenya,', 'halte', 'eksisting', 'ada', 'di', 'wotan,', 'penumpang', 'biasanya', 'nunggu', 'di', 'wotan.', 'kalian', 'harus', 'survey', 'lagi', 'dimana', 'titik', 'ramai', 'penumpang.']","['rute', 'bunder', '-', 'paciran,', 'haltenya', 'disesuaikan', 'lagi.', 'halte', 'bungah', 'harusnya', 'berada', 'lapangan', 'bungah,', 'lebih', 'mudah', 'penumpang', 'cari', 'makan,', 'cari', 'tempat', 'duduk,', 'cari', 'transportasi', 'lanjutan,', 'jangan', 'kantor', 'pemerintah,', 'kantor', 'pemerintah', 'jangan', 'dijadikan', 'acuan', 'dong,', 'tolong.', 'terus', 'halte', 'surowiti,', 'harusnya', 'jangan', 'situ,', 'gaada', 'haltenya,', 'halte', 'eksisting', 'wotan,', 'penumpang', 'biasanya', 'nunggu', 'wotan.', 'kalian', 'survey', 'titik', 'ramai', 'penumpang.']","['tolong', 'untuk', 'rute', 'bunder', '-', 'paciran,', 'haltenya', 'bisa', 'disesuaikan', 'lagi.', 'halte', 'bungah', 'harusnya', 'berada', 'di', 'lapangan', 'bungah,', 'lebih', 'mudah', 'bagi', 'penumpang', 'untuk', 'cari', 'makan,', 'cari', 'tempat', 'duduk,', 'cari', 'transportasi', 'lanjutan,', 'jangan', 'di', 'kantor', 'pemerintah,', 'kantor', 'pemerintah', 'jangan', 'dijadikan', 'acuan', 'dong,', 'tolong.', 'terus', 'halte', 'surowiti,', 'harusnya', 'jangan', 'di', 'situ,', 'gaada', 'haltenya,', 'halte', 'eksisting', 'ada', 'di', 'wotan,', 'penumpang', 'biasanya', 'nunggu', 'di', 'wotan.', 'kalian', 'harus', 'survey', 'lagi', 'dimana', 'titik', 'ramai', 'penumpang.']","tolong untuk rute bunder - paciran, haltenya bisa disesuaikan lagi. halte bungah harusnya berada di lapangan bungah, lebih mudah bagi penumpang untuk cari makan, cari tempat duduk, cari transportasi lanjutan, jangan di kantor pemerintah, kantor pemerintah jangan dijadikan acuan dong, tolong. terus halte surowiti, harusnya jangan di situ, gaada haltenya, halte eksisting ada di wotan, penumpang biasanya nunggu di wotan. kalian harus survey lagi dimana titik ramai penumpang.",0.0,0.0,0.0,0.0,0.0,0.0,68,0,16,Positive
85eec22b-57ea-4fcc-9768-2ac773d6e513,Re******ot,https://play-lh.googleusercontent.com/a/ACg8ocLDPNIGYJGhckD7a-UULCaHeeo1tpSlfD-VZsY2Ta_7_1mTOQ=mo,"sangat terbantu, dengan harga 5000 sudah bisa kemana-mana",5,0,1.2.0,2024-10-12 01:28:45,,,1.2.0,"['sangat', 'terbantu,', 'dengan', 'harga', '5000', 'sudah', 'bisa', 'kemana-mana']","['sangat', 'terbantu,', 'harga', '5000', 'kemana-mana']","['sangat', 'terbantu,', 'dengan', 'harga', '5000', 'sudah', 'bisa', 'kemana-mana']","sangat terbantu, dengan harga 5000 sudah bisa kemana-mana",0.0,0.0,0.0,0.0,0.0,0.0,8,0,2,Positive
68541032-fa0d-4f8b-92ee-dada8476332e,Nu********ta,https://play-lh.googleusercontent.com/a-/ALV-UjUQM9dFPmM6hzJp-h0N09-XRnVHwUxi8-WMMK_H8ZWpEinceMc,"payment method hanya astrapay, oh ayolah buatin qris untuk semua transaksi donk. bintang 2 untuk sekarang",2,3,1.2.0,2024-10-03 00:49:07,,,1.2.0,"['payment', 'method', 'hanya', 'astrapay,', 'oh', 'ayolah', 'buatin', 'qris', 'untuk', 'semua', 'transaksi', 'donk.', 'bintang', '2', 'untuk', 'sekarang']","['payment', 'method', 'astrapay,', 'ayolah', 'buatin', 'qris', 'semua', 'transaksi', 'donk.', 'bintang', '2', 'sekarang']","['payment', 'method', 'hanya', 'astrapay,', 'oh', 'ayolah', 'buatin', 'qris', 'untuk', 'semua', 'transaksi', 'donk.', 'bintang', '2', 'untuk', 'sekarang']","payment method hanya astrapay, oh ayolah buatin qris untuk semua transaksi donk. bintang 2 untuk sekarang",0.0,0.0,0.0,0.0,0.0,0.0,16,0,2,Negative
887f7f0e-693f-4fcf-b441-1766a1caae09,Ba************ha,https://play-lh.googleusercontent.com/a/ACg8ocLuKPqLv6KFkdf_5XOhmpYU6kgHSI9ndJCFxnZy3aar_6JrLe0=mo,"untuk yg jur bangkalan - surabaya, kenapa shelter terakhir tangkel 2, kok tidak ada shelter pemberhentian didaerah labang (suramadu) ?",4,0,,2024-10-01 05:56:46,,,,"['untuk', 'yg', 'jur', 'bangkalan', '-', 'surabaya,', 'kenapa', 'shelter', 'terakhir', 'tangkel', '2,', 'kok', 'tidak', 'ada', 'shelter', 'pemberhentian', 'didaerah', 'labang', '(suramadu)', '?']","['yg', 'jur', 'bangkalan', '-', 'surabaya,', 'shelter', 'terakhir', 'tangkel', '2,', 'kok', 'shelter', 'pemberhentian', 'didaerah', 'labang', '(suramadu)', '?']","['untuk', 'yg', 'jur', 'bangkalan', '-', 'surabaya,', 'kenapa', 'shelter', 'terakhir', 'tangkel', '2,', 'kok', 'tidak', 'ada', 'shelter', 'pemberhentian', 'didaerah', 'labang', '(suramadu)', '?']","untuk yg jur bangkalan - surabaya, kenapa shelter terakhir tangkel 2, kok tidak ada shelter pemberhentian didaerah labang (suramadu) ?",0.0,0.0,0.0,0.0,0.0,0.0,20,0,6,Positive
5802359e-bb23-48bf-bb72-2635240c1aea,****,https://play-lh.googleusercontent.com/a-/ALV-UjUAEU0Ln6ICzYxr9A4xoARYrTj0SaC45PQuKf4pQ4xQ39wOMxvVzQ,"pembelian tj reguler hanya bisa astra pay, beda dengan tj luxury bisa qris. harusnya disamakan bisa dengan qris, jangan menyusahkan.",3,2,1.2.0,2024-09-01 17:24:45,,,1.2.0,"['pembelian', 'tj', 'reguler', 'hanya', 'bisa', 'astra', 'pay,', 'beda', 'dengan', 'tj', 'luxury', 'bisa', 'qris.', 'harusnya', 'disamakan', 'bisa', 'dengan', 'qris,', 'jangan', 'menyusahkan.']","['pembelian', 'tj', 'reguler', 'astra', 'pay,', 'beda', 'tj', 'luxury', 'qris.', 'harusnya', 'disamakan', 'qris,', 'jangan', 'menyusahkan.']","['pembelian', 'tj', 'reguler', 'hanya', 'bisa', 'astra', 'pay,', 'beda', 'dengan', 'tj', 'luxury', 'bisa', 'qris.', 'harusnya', 'disamakan', 'bisa', 'dengan', 'qris,', 'jangan', 'menyusahkan.']","pembelian tj reguler hanya bisa astra pay, beda dengan tj luxury bisa qris. harusnya disamakan bisa dengan qris, jangan menyusahkan.",0.0,0.0,0.0,0.0,0.0,0.0,20,0,4,Neutral
384ca189-06e2-40e8-a74d-dd03c894554b,As***************ti,https://play-lh.googleusercontent.com/a-/ALV-UjUFGKhnh5LadPJDu3T2-oHPFlbdHGOrBJCSsARHc03t4ZgKWDxR,"kalo boleh jujur, semua fitur yg ada berjalan dg baik. tetapi maaf aku kasih bintang 4 karena menurut ku. pemesanan tiket di satu aplikasi itu, harus dipesan satu per satu. jadi harusnya ada fitur tambah, pemesanan maksimal 10 tiket. jadi titik henti bisa ini bisa dimana aja kan? terus bisa dilacak real-time. dan ku akui, akurat.",4,7,1.1.5,2024-07-15 20:28:40,,,1.1.5,"['kalo', 'boleh', 'jujur,', 'semua', 'fitur', 'yg', 'ada', 'berjalan', 'dg', 'baik.', 'tetapi', 'maaf', 'aku', 'kasih', 'bintang', '4', 'karena', 'menurut', 'ku.', 'pemesanan', 'tiket', 'di', 'satu', 'aplikasi', 'itu,', 'harus', 'dipesan', 'satu', 'per', 'satu.', 'jadi', 'harusnya', 'ada', 'fitur', 'tambah,', 'pemesanan', 'maksimal', '10', 'tiket.', 'jadi', 'titik', 'henti', 'bisa', 'ini', 'bisa', 'dimana', 'aja', 'kan?', 'terus', 'bisa', 'dilacak', 'real-time.', 'dan', 'ku', 'akui,', 'akurat.']","['kalo', 'jujur,', 'semua', 'fitur', 'yg', 'berjalan', 'dg', 'baik.', 'maaf', 'aku', 'kasih', 'bintang', '4', 'ku.', 'pemesanan', 'tiket', 'satu', 'aplikasi', 'itu,', 'dipesan', 'satu', 'per', 'satu.', 'jadi', 'harusnya', 'fitur', 'tambah,', 'pemesanan', 'maksimal', '10', 'tiket.', 'jadi', 'titik', 'henti', 'aja', 'kan?', 'terus', 'dilacak', 'real-time.', 'ku', 'akui,', 'akurat.']","['kalo', 'boleh', 'jujur,', 'semua', 'fitur', 'yg', 'ada', 'berjalan', 'dg', 'baik.', 'tetapi', 'maaf', 'aku', 'kasih', 'bintang', '4', 'karena', 'menurut', 'ku.', 'pemesanan', 'tiket', 'di', 'satu', 'aplikasi', 'itu,', 'harus', 'dipesan', 'satu', 'per', 'satu.', 'jadi', 'harusnya', 'ada', 'fitur', 'tambah,', 'pemesanan', 'maksimal', '10', 'tiket.', 'jadi', 'titik', 'henti', 'bisa', 'ini', 'bisa', 'dimana', 'aja', 'kan?', 'terus', 'bisa', 'dilacak', 'real-time.', 'dan', 'ku', 'akui,', 'akurat.']","kalo boleh jujur, semua fitur yg ada berjalan dg baik. tetapi maaf aku kasih bintang 4 karena menurut ku. pemesanan tiket di satu aplikasi itu, harus dipesan satu per satu. jadi harusnya ada fitur tambah, pemesanan maksimal 10 tiket. jadi titik henti bisa ini bisa dimana aja kan? terus bisa dilacak real-time. dan ku akui, akurat.",0.0,0.0,0.0,0.0,0.0,0.0,56,0,12,Positive
a8720a38-c616-4633-b494-d70f5bd7abb2,Ni**********ia,https://play-lh.googleusercontent.com/a-/ALV-UjUjWKtSjHIHQg2Mvlm8ac2Of-pa3213mL9AJnewGHfQB9tE3MxI,jam 8 sudah tidak ada bus di bungurasih menuju gresik. informasi tidak diupdate.,1,2,1.1.5,2024-05-18 13:23:40,,,1.1.5,"['jam', '8', 'sudah', 'tidak', 'ada', 'bus', 'di', 'bungurasih', 'menuju', 'gresik.', 'informasi', 'tidak', 'diupdate.']","['jam', '8', 'bus', 'bungurasih', 'menuju', 'gresik.', 'informasi', 'diupdate.']","['jam', '8', 'sudah', 'tidak', 'ada', 'bus', 'di', 'bungurasih', 'menuju', 'gresik.', 'informasi', 'tidak', 'diupdate.']",jam 8 sudah tidak ada bus di bungurasih menuju gresik. informasi tidak diupdate.,0.0,0.0,0.0,0.0,0.0,0.0,13,0,2,Negative
9c26108f-991d-4b83-a95e-9870dfa3a33f,Ab*******************in,https://play-lh.googleusercontent.com/a-/ALV-UjU9mvQY0HPec63ay7qqsD_EiJ8kr2M2BOdS807cID_KipOPxtbG,sangat sangat membantu sekaliii,5,0,,2024-04-13 23:44:02,,,,"['sangat', 'sangat', 'membantu', 'sekaliii']","['sangat', 'sangat', 'membantu', 'sekaliii']","['sangat', 'sangat', 'membantu', 'sekaliii']",sangat sangat membantu sekaliii,0.0,0.0,0.0,0.0,0.0,0.0,4,0,0,Positive
a2971c81-2475-4ca3-a36a-4a728568336c,Ag**********an,https://play-lh.googleusercontent.com/a-/ALV-UjX0O7azXnKeROn8SoqKQY_8brY9iQgVC9LxfKNxxOnk8mv5eHla,lumayan membantu untuk tahu schedule bis...tapi sayang belakangan ini sering muncul notifikasi di aplkasi: network reset sehingga gambar bis ydk keliatan di peta. mohon d update atau d perbaiki bugs nya. terimakasih,3,1,1.1.5,2024-03-23 01:00:49,,,1.1.5,"['lumayan', 'membantu', 'untuk', 'tahu', 'schedule', 'bis...tapi', 'sayang', 'belakangan', 'ini', 'sering', 'muncul', 'notifikasi', 'di', 'aplkasi:', 'network', 'reset', 'sehingga', 'gambar', 'bis', 'ydk', 'keliatan', 'di', 'peta.', 'mohon', 'd', 'update', 'atau', 'd', 'perbaiki', 'bugs', 'nya.', 'terimakasih']","['lumayan', 'membantu', 'tahu', 'schedule', 'bis...tapi', 'sayang', 'belakangan', 'sering', 'muncul', 'notifikasi', 'aplkasi:', 'network', 'reset', 'gambar', 'bis', 'ydk', 'keliatan', 'peta.', 'mohon', 'update', 'perbaiki', 'bugs', 'nya.', 'terimakasih']","['lumayan', 'membantu', 'untuk', 'tahu', 'schedule', 'bis...tapi', 'sayang', 'belakangan', 'ini', 'sering', 'muncul', 'notifikasi', 'di', 'aplkasi:', 'network', 'reset', 'sehingga', 'gambar', 'bi', 'ydk', 'keliatan', 'di', 'peta.', 'mohon', 'd', 'update', 'atau', 'd', 'perbaiki', 'bug', 'nya.', 'terimakasih']",lumayan membantu untuk tahu schedule bis...tapi sayang belakangan ini sering muncul notifikasi di aplkasi: network reset sehingga gambar bi ydk keliatan di peta. mohon d update atau d perbaiki bug nya. terimakasih,0.0,0.0,0.0,0.0,0.0,0.0,32,0,6,Neutral
2553b740-a1d6-4929-8cdd-74da0939ee8b,Na***********ri,https://play-lh.googleusercontent.com/a-/ALV-UjVgWE1pyYs9y4HK44FMUXh8XFbuuQVb7QhuE-P4l2PcuX_ZJnA,"terbantu bgt, tp yg masih jd minus terkadang gps g sesuai",5,1,1.1.5,2024-02-21 12:08:06,,,1.1.5,"['terbantu', 'bgt,', 'tp', 'yg', 'masih', 'jd', 'minus', 'terkadang', 'gps', 'g', 'sesuai']","['terbantu', 'bgt,', 'tp', 'yg', 'jd', 'minus', 'terkadang', 'gps', 'g', 'sesuai']","['terbantu', 'bgt,', 'tp', 'yg', 'masih', 'jd', 'minus', 'terkadang', 'gps', 'g', 'sesuai']","terbantu bgt, tp yg masih jd minus terkadang gps g sesuai",-0.1,0.1,-0.1,0.1,-0.1,0.1,11,0,1,Positive
66038b87-d098-45cd-9256-8db88ba2e1e4,Da*****za,https://play-lh.googleusercontent.com/a/ACg8ocKf3ZHihcZtN3qOqKyGCLWxiWob8Qic_1k7MHqBJcnN7hhgsA=mo,üåü,5,0,1.0.8,2024-02-21 11:43:57,,,1.0.8,['üåü'],['üåü'],[''],,0.0,0.0,0.0,0.0,0.0,0.0,1,0,0,Positive
47498e5f-deaf-4b74-bc5d-f54e5b6a580d,Da*********ji,https://play-lh.googleusercontent.com/a-/ALV-UjVbEPKigHmf25WOHSwBYR0Sp-ftCC7Mjs7s114KAKW37iAg8vJS,aplikasi wajib buat pejuang angkutan umum untuk kegiatan sehari hari,5,0,1.1.4,2024-02-21 03:56:39,,,1.1.4,"['aplikasi', 'wajib', 'buat', 'pejuang', 'angkutan', 'umum', 'untuk', 'kegiatan', 'sehari', 'hari']","['aplikasi', 'wajib', 'buat', 'pejuang', 'angkutan', 'umum', 'kegiatan', 'sehari', 'hari']","['aplikasi', 'wajib', 'buat', 'pejuang', 'angkutan', 'umum', 'untuk', 'kegiatan', 'sehari', 'hari']",aplikasi wajib buat pejuang angkutan umum untuk kegiatan sehari hari,0.0,0.0,0.0,0.0,0.0,0.0,10,0,0,Positive
af048476-54e3-4772-9785-c17b3fd1b1d4,De*********************no,https://play-lh.googleusercontent.com/a-/ALV-UjWKJnBV6ZNcintdzuKyglRaGIsop5XxYTff66wbPamT1AKiHE8,"very useful app, good real time tracking!",5,3,,2024-02-21 02:31:45,,,,"['very', 'useful', 'app,', 'good', 'real', 'time', 'tracking!']","['useful', 'app,', 'good', 'real', 'time', 'tracking!']","['very', 'useful', 'app,', 'good', 'real', 'time', 'tracking!']","very useful app, good real time tracking!",0.4466666666666666,0.30000000000000004,0.4466666666666666,0.30000000000000004,0.4466666666666666,0.30000000000000004,7,0,2,Positive
a206159a-6294-4d23-8af0-06af673abe36,Mu***************il,https://play-lh.googleusercontent.com/a-/ALV-UjUGmSBLKe_beLOYuQmQpySthb7LmzRn9N1GH_RCezU0HsXp0vLs9w,"cuma halte gresik doang ya yang bagus, mungkin karena sponsor. saya naikan ratingnya kalau koridor 2 turun di bungur bukan medaeng, dan tiket sudah integrasi sama suroboyo bus.",3,2,1.1.4,2024-01-22 06:50:42,,,1.1.4,"['cuma', 'halte', 'gresik', 'doang', 'ya', 'yang', 'bagus,', 'mungkin', 'karena', 'sponsor.', 'saya', 'naikan', 'ratingnya', 'kalau', 'koridor', '2', 'turun', 'di', 'bungur', 'bukan', 'medaeng,', 'dan', 'tiket', 'sudah', 'integrasi', 'sama', 'suroboyo', 'bus.']","['cuma', 'halte', 'gresik', 'doang', 'bagus,', 'mungkin', 'sponsor.', 'naikan', 'ratingnya', 'kalau', 'koridor', '2', 'turun', 'bungur', 'bukan', 'medaeng,', 'tiket', 'integrasi', 'sama', 'suroboyo', 'bus.']","['cuma', 'halte', 'gresik', 'doang', 'ya', 'yang', 'bagus,', 'mungkin', 'karena', 'sponsor.', 'saya', 'naikan', 'ratingnya', 'kalau', 'koridor', '2', 'turun', 'di', 'bungur', 'bukan', 'medaeng,', 'dan', 'tiket', 'sudah', 'integrasi', 'sama', 'suroboyo', 'bus.']","cuma halte gresik doang ya yang bagus, mungkin karena sponsor. saya naikan ratingnya kalau koridor 2 turun di bungur bukan medaeng, dan tiket sudah integrasi sama suroboyo bus.",0.0,0.0,0.0,0.0,0.0,0.0,28,0,4,Neutral
8d4ede92-1bfc-498e-ad24-8ba82ecea0b9,ke*******ra,https://play-lh.googleusercontent.com/a-/ALV-UjV6nEkE5fZ4XR10tgZeuCzKLScVSo3XgNVSp26MCvhAfVOWe4fiPg,itu koridor 2 bodoh banget,1,1,1.1.3,2023-11-28 12:16:26,,,1.1.3,"['itu', 'koridor', '2', 'bodoh', 'banget']","['koridor', '2', 'bodoh', 'banget']","['itu', 'koridor', '2', 'bodoh', 'banget']",itu koridor 2 bodoh banget,0.0,0.0,0.0,0.0,0.0,0.0,5,0,0,Negative
4b0250a6-e83d-41a8-888e-39d93d0f7148,St***********ro,https://play-lh.googleusercontent.com/a-/ALV-UjU5YAVnDFbMpNS92Y8i6I9_nTe6cRXrk_QzMuPtSDBtuv6NgLEP,"terlalu lama ngetem di terminal bunder. saran klo crew istirahat gantian, jgn istirahat semua. ngetem di terminal bisa 1jam. edit 23nov 23, armada makin banyak dan lbh cepat. tapi stop pengisian bbm di spbu bungurasih, apakah tidak ada spbu di sidoarjo atau gresik? kok malah nambah kemacetan di area medang bungurasih kalau ngisi bbm disitu",3,5,1.1.3,2023-11-23 09:27:52,,,1.1.3,"['terlalu', 'lama', 'ngetem', 'di', 'terminal', 'bunder.', 'saran', 'klo', 'crew', 'istirahat', 'gantian,', 'jgn', 'istirahat', 'semua.', 'ngetem', 'di', 'terminal', 'bisa', '1jam.', 'edit', '23nov', '23,', 'armada', 'makin', 'banyak', 'dan', 'lbh', 'cepat.', 'tapi', 'stop', 'pengisian', 'bbm', 'di', 'spbu', 'bungurasih,', 'apakah', 'tidak', 'ada', 'spbu', 'di', 'sidoarjo', 'atau', 'gresik?', 'kok', 'malah', 'nambah', 'kemacetan', 'di', 'area', 'medang', 'bungurasih', 'kalau', 'ngisi', 'bbm', 'disitu']","['terlalu', 'lama', 'ngetem', 'terminal', 'bunder.', 'saran', 'klo', 'crew', 'istirahat', 'gantian,', 'jgn', 'istirahat', 'semua.', 'ngetem', 'terminal', '1jam.', 'edit', '23nov', '23,', 'armada', 'makin', 'banyak', 'lbh', 'cepat.', 'stop', 'pengisian', 'bbm', 'spbu', 'bungurasih,', 'spbu', 'sidoarjo', 'gresik?', 'kok', 'malah', 'nambah', 'kemacetan', 'area', 'medang', 'bungurasih', 'kalau', 'ngisi', 'bbm', 'disitu']","['terlalu', 'lama', 'ngetem', 'di', 'terminal', 'bunder.', 'saran', 'klo', 'crew', 'istirahat', 'gantian,', 'jgn', 'istirahat', 'semua.', 'ngetem', 'di', 'terminal', 'bisa', '1jam.', 'edit', '23nov', '23,', 'armada', 'makin', 'banyak', 'dan', 'lbh', 'cepat.', 'tapi', 'stop', 'pengisian', 'bbm', 'di', 'spbu', 'bungurasih,', 'apakah', 'tidak', 'ada', 'spbu', 'di', 'sidoarjo', 'atau', 'gresik?', 'kok', 'malah', 'nambah', 'kemacetan', 'di', 'area', 'medang', 'bungurasih', 'kalau', 'ngisi', 'bbm', 'disitu']","terlalu lama ngetem di terminal bunder. saran klo crew istirahat gantian, jgn istirahat semua. ngetem di terminal bisa 1jam. edit 23nov 23, armada makin banyak dan lbh cepat. tapi stop pengisian bbm di spbu bungurasih, apakah tidak ada spbu di sidoarjo atau gresik? kok malah nambah kemacetan di area medang bungurasih kalau ngisi bbm disitu",0.0,0.0,0.0,0.0,0.0,0.0,55,0,8,Neutral
da8426d3-bda4-4423-9082-ff798f5252a2,za************in,https://play-lh.googleusercontent.com/a-/ALV-UjW17Mo6rZs5pNKL_grMOKbDO20WSP2PnG8hhuPSyYy1bNIhrCXc,"rute baru koridor 2 tambah ruwett, yg mau pp surabaya-mojokerto udah mending balik lagi pakai bus besar atau kereta, jauh lebih efisien daripada rute baru koridor 2 ini",1,3,1.1.3,2023-11-21 19:42:54,,,1.1.3,"['rute', 'baru', 'koridor', '2', 'tambah', 'ruwett,', 'yg', 'mau', 'pp', 'surabaya-mojokerto', 'udah', 'mending', 'balik', 'lagi', 'pakai', 'bus', 'besar', 'atau', 'kereta,', 'jauh', 'lebih', 'efisien', 'daripada', 'rute', 'baru', 'koridor', '2', 'ini']","['rute', 'baru', 'koridor', '2', 'tambah', 'ruwett,', 'yg', 'mau', 'pp', 'surabaya-mojokerto', 'udah', 'mending', 'balik', 'pakai', 'bus', 'besar', 'kereta,', 'jauh', 'lebih', 'efisien', 'rute', 'baru', 'koridor', '2']","['rute', 'baru', 'koridor', '2', 'tambah', 'ruwett,', 'yg', 'mau', 'pp', 'surabaya-mojokerto', 'udah', 'mending', 'balik', 'lagi', 'pakai', 'bus', 'besar', 'atau', 'kereta,', 'jauh', 'lebih', 'efisien', 'daripada', 'rute', 'baru', 'koridor', '2', 'ini']","rute baru koridor 2 tambah ruwett, yg mau pp surabaya-mojokerto udah mending balik lagi pakai bus besar atau kereta, jauh lebih efisien daripada rute baru koridor 2 ini",0.0,0.0,0.0,0.0,0.0,0.0,28,0,3,Negative
e8a2902b-7fd5-4f9d-89f0-7078cbda24c8,Lu********na,https://play-lh.googleusercontent.com/a-/ALV-UjXBF9GTetCMwTbbnH49n_GPAHFPebVXdSEfm8vFUKi8x8uWdZ7B,langganan ‚ù§Ô∏è,5,0,,2023-10-21 01:51:27,,,,"['langganan', '‚ù§Ô∏è']","['langganan', '‚ù§Ô∏è']","['langganan', '']",langganan ,0.0,0.0,0.0,0.0,0.0,0.0,2,0,0,Positive
72adeb62-814b-4a8a-aa9a-055f60aa52bb,De*** F,https://play-lh.googleusercontent.com/a-/ALV-UjVsmJ9K5OACG9bKcwV-y0uUPzLRkXm0Umxm-5XLdtNrTPqF87EwJA,"sangat bermanfaat bagi warga jatim, lanjutkan",5,0,1.1.0,2023-10-19 03:47:53,,,1.1.0,"['sangat', 'bermanfaat', 'bagi', 'warga', 'jatim,', 'lanjutkan']","['sangat', 'bermanfaat', 'warga', 'jatim,', 'lanjutkan']","['sangat', 'bermanfaat', 'bagi', 'warga', 'jatim,', 'lanjutkan']","sangat bermanfaat bagi warga jatim, lanjutkan",0.0,0.0,0.0,0.0,0.0,0.0,6,0,1,Positive
1eda99a6-1234-47d4-bea8-60949553f5eb,Mo***************in,https://play-lh.googleusercontent.com/a-/ALV-UjWyVs8UPuQowUHsqovCz7yo6H7-4rssSggvH1VAWT14e-Z-Wog,payah. tracking tidak berfungsi,1,2,1.0.9,2023-09-28 05:45:10,,,1.0.9,"['payah.', 'tracking', 'tidak', 'berfungsi']","['payah.', 'tracking', 'berfungsi']","['payah.', 'tracking', 'tidak', 'berfungsi']",payah. tracking tidak berfungsi,0.0,0.0,0.0,0.0,0.0,0.0,4,0,1,Negative
08cf5dca-c7d4-4933-a8a9-37855bfb643e,****,https://play-lh.googleusercontent.com/a-/ALV-UjXG5eoorpnhvdr2iWGGQT-xzY9X8cniafAgN9KKggfgwcfMYj4,"aplikasi membantu sekali, bus bersih dan nyaman harga sangat terjangkau!",5,1,1.0.8,2023-09-21 08:45:12,,,1.0.8,"['aplikasi', 'membantu', 'sekali,', 'bus', 'bersih', 'dan', 'nyaman', 'harga', 'sangat', 'terjangkau!']","['aplikasi', 'membantu', 'sekali,', 'bus', 'bersih', 'nyaman', 'harga', 'sangat', 'terjangkau!']","['aplikasi', 'membantu', 'sekali,', 'bus', 'bersih', 'dan', 'nyaman', 'harga', 'sangat', 'terjangkau!']","aplikasi membantu sekali, bus bersih dan nyaman harga sangat terjangkau!",0.0,0.0,0.0,0.0,0.0,0.0,10,0,2,Positive
fa623b08-fa22-4ebc-aa2c-480ce2781fd2,Ah*********ki,https://play-lh.googleusercontent.com/a-/ALV-UjXXj1AfirMWIpVRlWmmxg55B7DAQXNeC_pb0NYtjnchvSUbg_aS,rute ke jombang dong,4,0,,2023-09-17 14:16:10,,,,"['rute', 'ke', 'jombang', 'dong']","['rute', 'jombang', 'dong']","['rute', 'ke', 'jombang', 'dong']",rute ke jombang dong,0.0,0.0,0.0,0.0,0.0,0.0,4,0,0,Positive
5139d6df-f1e5-41c7-b343-aa13e9f2b152,di*********oh,https://play-lh.googleusercontent.com/a/ACg8ocIyMM4UF2SnSb9-wG7mfZDd-hiuLfID-EwEA6vSU35r8qKs-VI=mo,"aplikasi sangat bagus , mohon untuk ditambahkan rute surabaya sampai joyoboyo. dan jga ditambahkan banyak halte. misal untuk daerah taman ada halte di citra harmoni & sdn 2 trosobo. pengguna angkutan umum akan sangat terbantu",3,1,1.0.8,2023-09-13 01:51:46,,,1.0.8,"['aplikasi', 'sangat', 'bagus', ',', 'mohon', 'untuk', 'ditambahkan', 'rute', 'surabaya', 'sampai', 'joyoboyo.', 'dan', 'jga', 'ditambahkan', 'banyak', 'halte.', 'misal', 'untuk', 'daerah', 'taman', 'ada', 'halte', 'di', 'citra', 'harmoni', '&', 'sdn', '2', 'trosobo.', 'pengguna', 'angkutan', 'umum', 'akan', 'sangat', 'terbantu']","['aplikasi', 'sangat', 'bagus', ',', 'mohon', 'ditambahkan', 'rute', 'surabaya', 'joyoboyo.', 'jga', 'ditambahkan', 'banyak', 'halte.', 'misal', 'daerah', 'taman', 'halte', 'citra', 'harmoni', '&', 'sdn', '2', 'trosobo.', 'pengguna', 'angkutan', 'umum', 'sangat', 'terbantu']","['aplikasi', 'sangat', 'bagus', ',', 'mohon', 'untuk', 'ditambahkan', 'rute', 'surabaya', 'sampai', 'joyoboyo.', 'dan', 'jga', 'ditambahkan', 'banyak', 'halte.', 'misal', 'untuk', 'daerah', 'taman', 'ada', 'halte', 'di', 'citra', 'harmoni', '&', 'sdn', '2', 'trosobo.', 'pengguna', 'angkutan', 'umum', 'akan', 'sangat', 'terbantu']","aplikasi sangat bagus , mohon untuk ditambahkan rute surabaya sampai joyoboyo. dan jga ditambahkan banyak halte. misal untuk daerah taman ada halte di citra harmoni & sdn 2 trosobo. pengguna angkutan umum akan sangat terbantu",0.0,0.0,0.0,0.0,0.0,0.0,35,0,5,Neutral
5d20a791-dd7a-4ef7-a3e6-321411a153f8,La************sa,https://play-lh.googleusercontent.com/a-/ALV-UjX-AUfrey2c1rfXM0oTJ409EWSaOwUHvFwZDtVN47844wwJdo0,mantab,5,0,1.0.8,2023-09-09 01:26:04,,,1.0.8,['mantab'],['mantab'],['mantab'],mantab,0.0,0.0,0.0,0.0,0.0,0.0,1,0,0,Positive
ec4b32b9-5a0f-4faa-beb9-6bc8498c5e0a,Ag********an,https://play-lh.googleusercontent.com/a/ACg8ocLzhH3F0I8I-HimxAT5fMiPYGIK4IVoTseX9uDNQTr2VQ0kvg=mo,"tracking top, info tujuan akhir top, info penumpang up to date. pertahankan layanan",5,0,,2023-09-04 02:01:05,,,,"['tracking', 'top,', 'info', 'tujuan', 'akhir', 'top,', 'info', 'penumpang', 'up', 'to', 'date.', 'pertahankan', 'layanan']","['tracking', 'top,', 'info', 'tujuan', 'akhir', 'top,', 'info', 'penumpang', 'date.', 'pertahankan', 'layanan']","['tracking', 'top,', 'info', 'tujuan', 'akhir', 'top,', 'info', 'penumpang', 'up', 'to', 'date.', 'pertahankan', 'layanan']","tracking top, info tujuan akhir top, info penumpang up to date. pertahankan layanan",0.5,0.5,0.5,0.5,0.5,0.5,13,0,3,Positive
6ca77245-2e2d-486c-a49d-4112df95f9bb,Ar***************ra,https://play-lh.googleusercontent.com/a/ACg8ocL1CQJWPiT6otufPn7bm7pZpkKiQX23_86da6qlGkDzHCzDwQ=mo,aplikasinya sangat membantu dan sangat jelas,5,1,1.0.8,2023-09-02 02:51:17,,,1.0.8,"['aplikasinya', 'sangat', 'membantu', 'dan', 'sangat', 'jelas']","['aplikasinya', 'sangat', 'membantu', 'sangat', 'jelas']","['aplikasinya', 'sangat', 'membantu', 'dan', 'sangat', 'jelas']",aplikasinya sangat membantu dan sangat jelas,0.0,0.0,0.0,0.0,0.0,0.0,6,0,0,Positive
7da59f66-4917-412e-aac0-f5e60f107f23,Ki*****************ri,https://play-lh.googleusercontent.com/a-/ALV-UjVlBTRP2Sh0qdBCnIYlye71x2nGQh6039hzA-uozsEuP3WBA0iz,ui nya clean dan informatif. semoga ditambahkan rute untuk wara-wiri agar lebih lengkap lagi. karena di app sudah ada informasi rute suroboyo bus.,5,1,1.0.8,2023-08-30 03:37:18,,,1.0.8,"['ui', 'nya', 'clean', 'dan', 'informatif.', 'semoga', 'ditambahkan', 'rute', 'untuk', 'wara-wiri', 'agar', 'lebih', 'lengkap', 'lagi.', 'karena', 'di', 'app', 'sudah', 'ada', 'informasi', 'rute', 'suroboyo', 'bus.']","['ui', 'nya', 'clean', 'informatif.', 'semoga', 'ditambahkan', 'rute', 'wara-wiri', 'lebih', 'lengkap', 'lagi.', 'app', 'informasi', 'rute', 'suroboyo', 'bus.']","['ui', 'nya', 'clean', 'dan', 'informatif.', 'semoga', 'ditambahkan', 'rute', 'untuk', 'wara-wiri', 'agar', 'lebih', 'lengkap', 'lagi.', 'karena', 'di', 'app', 'sudah', 'ada', 'informasi', 'rute', 'suroboyo', 'bus.']",ui nya clean dan informatif. semoga ditambahkan rute untuk wara-wiri agar lebih lengkap lagi. karena di app sudah ada informasi rute suroboyo bus.,0.3666666666666667,0.7000000000000001,0.3666666666666667,0.7000000000000001,0.3666666666666667,0.7000000000000001,23,0,4,Positive
b32109e7-a754-4849-bc8f-a620be17f568,Ri********ny,https://play-lh.googleusercontent.com/a-/ALV-UjV8v5XZJHI4clxoWYZToKogsYNlD4giJUz4-YjyWAfzdk9iOCIs,"kalo bisa ta tambahin rute mojokerto, wringinanom, legundi, driyorejo, sepanjang, joyoboyo. banyak perusahaan lewat rute tersebut, sangat membantu angkutan massal seperti ini buat pekerja",5,2,1.0.8,2023-08-21 09:18:35,,,1.0.8,"['kalo', 'bisa', 'ta', 'tambahin', 'rute', 'mojokerto,', 'wringinanom,', 'legundi,', 'driyorejo,', 'sepanjang,', 'joyoboyo.', 'banyak', 'perusahaan', 'lewat', 'rute', 'tersebut,', 'sangat', 'membantu', 'angkutan', 'massal', 'seperti', 'ini', 'buat', 'pekerja']","['kalo', 'ta', 'tambahin', 'rute', 'mojokerto,', 'wringinanom,', 'legundi,', 'driyorejo,', 'sepanjang,', 'joyoboyo.', 'banyak', 'perusahaan', 'lewat', 'rute', 'tersebut,', 'sangat', 'membantu', 'angkutan', 'massal', 'buat', 'pekerja']","['kalo', 'bisa', 'ta', 'tambahin', 'rute', 'mojokerto,', 'wringinanom,', 'legundi,', 'driyorejo,', 'sepanjang,', 'joyoboyo.', 'banyak', 'perusahaan', 'lewat', 'rute', 'tersebut,', 'sangat', 'membantu', 'angkutan', 'massal', 'seperti', 'ini', 'buat', 'pekerja']","kalo bisa ta tambahin rute mojokerto, wringinanom, legundi, driyorejo, sepanjang, joyoboyo. banyak perusahaan lewat rute tersebut, sangat membantu angkutan massal seperti ini buat pekerja",0.0,0.0,0.0,0.0,0.0,0.0,24,0,7,Positive
48fb472c-64a3-4d65-89fa-98795238c060,Lu*********ti,https://play-lh.googleusercontent.com/a-/ALV-UjW62V3pkCa2-2y7wV8ZkJ7uy2i1aWohJNVLrNUWRpq6Wi4vbV1S,"sudah baik, namun alangkah lebih bagus apabila ke depan metode pembayaran ditambah dengan brimo, qris bank jatim, gopay, dana atau shoppe pay dll, sehingga lebih umum & familiar",5,6,1.0.8,2023-08-21 04:26:50,,,1.0.8,"['sudah', 'baik,', 'namun', 'alangkah', 'lebih', 'bagus', 'apabila', 'ke', 'depan', 'metode', 'pembayaran', 'ditambah', 'dengan', 'brimo,', 'qris', 'bank', 'jatim,', 'gopay,', 'dana', 'atau', 'shoppe', 'pay', 'dll,', 'sehingga', 'lebih', 'umum', '&', 'familiar']","['baik,', 'alangkah', 'lebih', 'bagus', 'apabila', 'depan', 'metode', 'pembayaran', 'ditambah', 'brimo,', 'qris', 'bank', 'jatim,', 'gopay,', 'dana', 'shoppe', 'pay', 'dll,', 'lebih', 'umum', '&', 'familiar']","['sudah', 'baik,', 'namun', 'alangkah', 'lebih', 'bagus', 'apabila', 'ke', 'depan', 'metode', 'pembayaran', 'ditambah', 'dengan', 'brimo,', 'qris', 'bank', 'jatim,', 'gopay,', 'dana', 'atau', 'shoppe', 'pay', 'dll,', 'sehingga', 'lebih', 'umum', '&', 'familiar']","sudah baik, namun alangkah lebih bagus apabila ke depan metode pembayaran ditambah dengan brimo, qris bank jatim, gopay, dana atau shoppe pay dll, sehingga lebih umum & familiar",0.375,0.5,0.375,0.5,0.375,0.5,28,0,6,Positive
d508d21b-f595-4dd0-ae01-3c95d36d7580,–ò—Ö*********—Ä–∏,https://play-lh.googleusercontent.com/a-/ALV-UjW8tU3XNCE_PrV6f-bNtppatjSotAhmgK1rF3v68cu4DvZH53xR,relasi rute madiun ponorogo?,1,0,1.0.8,2023-08-12 06:38:40,,,1.0.8,"['relasi', 'rute', 'madiun', 'ponorogo?']","['relasi', 'rute', 'madiun', 'ponorogo?']","['relasi', 'rute', 'madiun', 'ponorogo?']",relasi rute madiun ponorogo?,0.0,0.0,0.0,0.0,0.0,0.0,4,0,1,Negative
bc284db4-b3ed-4814-9729-e06bf408cdb6,ri********na,https://play-lh.googleusercontent.com/a-/ALV-UjUS2Y77oW11WOfp6qLXXOl1fdXyet47gRDRQstjnbJ-1qCp-q_x,"metode pembayaran ditambah kalau bisa, seperti dana, gopay, shopeepay dll",4,0,1.0.6,2023-07-19 15:20:38,,,1.0.6,"['metode', 'pembayaran', 'ditambah', 'kalau', 'bisa,', 'seperti', 'dana,', 'gopay,', 'shopeepay', 'dll']","['metode', 'pembayaran', 'ditambah', 'kalau', 'bisa,', 'dana,', 'gopay,', 'shopeepay']","['metode', 'pembayaran', 'ditambah', 'kalau', 'bisa,', 'seperti', 'dana,', 'gopay,', 'shopeepay', 'dll']","metode pembayaran ditambah kalau bisa, seperti dana, gopay, shopeepay dll",0.0,0.0,0.0,0.0,0.0,0.0,10,0,3,Positive
eef8e748-7860-4285-bf82-585ca2695cf2,Lu************ra,https://play-lh.googleusercontent.com/a-/ALV-UjVXholbqYHSjjCLpxGnneSAa_RzUcjovMc7menPLcFy5_69Rjen,"sangat bagus dan membantu menghindari kemacetan. untuk informasi juga cukup jelas, saat di dalam bis juga ada informasi pemberhentian halte berikutnya. tingkatkan terus untuk pelayanan & aplikasinya. terima kasih",5,0,1.0.6,2023-07-12 16:59:13,,,1.0.6,"['sangat', 'bagus', 'dan', 'membantu', 'menghindari', 'kemacetan.', 'untuk', 'informasi', 'juga', 'cukup', 'jelas,', 'saat', 'di', 'dalam', 'bis', 'juga', 'ada', 'informasi', 'pemberhentian', 'halte', 'berikutnya.', 'tingkatkan', 'terus', 'untuk', 'pelayanan', '&', 'aplikasinya.', 'terima', 'kasih']","['sangat', 'bagus', 'membantu', 'menghindari', 'kemacetan.', 'informasi', 'cukup', 'jelas,', 'bis', 'informasi', 'pemberhentian', 'halte', 'berikutnya.', 'tingkatkan', 'terus', 'pelayanan', '&', 'aplikasinya.', 'terima', 'kasih']","['sangat', 'bagus', 'dan', 'membantu', 'menghindari', 'kemacetan.', 'untuk', 'informasi', 'juga', 'cukup', 'jelas,', 'saat', 'di', 'dalam', 'bi', 'juga', 'ada', 'informasi', 'pemberhentian', 'halte', 'berikutnya.', 'tingkatkan', 'terus', 'untuk', 'pelayanan', '&', 'aplikasinya.', 'terima', 'kasih']","sangat bagus dan membantu menghindari kemacetan. untuk informasi juga cukup jelas, saat di dalam bi juga ada informasi pemberhentian halte berikutnya. tingkatkan terus untuk pelayanan & aplikasinya. terima kasih",0.0,0.0,0.0,0.0,0.0,0.0,29,0,5,Positive
98f24551-5d18-4577-aeed-bf65366c7a3c,Ek********to,https://play-lh.googleusercontent.com/a/ACg8ocLXNhVYXF2UitkYtJtPLOvDqPOdRpZ_6MvOfu3kI1x934AcLA=mo,"tambahkan fitur untuk laporan armada, misalnya style driver ugal2an, sound system terlalu berisik dll, yang dilengkapi plat nomor armada, bingung mau lapor kesiapa untuk problem armada",5,0,1.0.6,2023-06-04 11:24:09,,,1.0.6,"['tambahkan', 'fitur', 'untuk', 'laporan', 'armada,', 'misalnya', 'style', 'driver', 'ugal2an,', 'sound', 'system', 'terlalu', 'berisik', 'dll,', 'yang', 'dilengkapi', 'plat', 'nomor', 'armada,', 'bingung', 'mau', 'lapor', 'kesiapa', 'untuk', 'problem', 'armada']","['tambahkan', 'fitur', 'laporan', 'armada,', 'misalnya', 'style', 'driver', 'ugal2an,', 'sound', 'system', 'terlalu', 'berisik', 'dll,', 'dilengkapi', 'plat', 'nomor', 'armada,', 'bingung', 'mau', 'lapor', 'kesiapa', 'problem', 'armada']","['tambahkan', 'fitur', 'untuk', 'laporan', 'armada,', 'misalnya', 'style', 'driver', 'ugal2an,', 'sound', 'system', 'terlalu', 'berisik', 'dll,', 'yang', 'dilengkapi', 'plat', 'nomor', 'armada,', 'bingung', 'mau', 'lapor', 'kesiapa', 'untuk', 'problem', 'armada']","tambahkan fitur untuk laporan armada, misalnya style driver ugal2an, sound system terlalu berisik dll, yang dilengkapi plat nomor armada, bingung mau lapor kesiapa untuk problem armada",0.4,0.4,0.4,0.4,0.4,0.4,26,0,4,Positive
fbbce0d6-35c3-4089-b315-9df9cd7046af,Na*************iq,https://play-lh.googleusercontent.com/a/ACg8ocL1dxcCk-6FnIQcPel7G8KK9npGryCBpp98yGMk9EuryV8SV-4=mo,update terbaru sudah ada info jumlah penumpang. good job. edit : sudah ada info tapi sayangnya jumlah penumpang di aplikasi dengan real di bis kok beda ya,5,0,1.0.6,2023-05-21 02:03:16,"Terimakasih kak, semoga dapat bermanfaat untuk semua pengguna layanan Transjatim",2023-02-06 08:09:39,1.0.6,"['update', 'terbaru', 'sudah', 'ada', 'info', 'jumlah', 'penumpang.', 'good', 'job.', 'edit', ':', 'sudah', 'ada', 'info', 'tapi', 'sayangnya', 'jumlah', 'penumpang', 'di', 'aplikasi', 'dengan', 'real', 'di', 'bis', 'kok', 'beda', 'ya']","['update', 'terbaru', 'info', 'jumlah', 'penumpang.', 'good', 'job.', 'edit', ':', 'info', 'sayangnya', 'jumlah', 'penumpang', 'aplikasi', 'real', 'bis', 'kok', 'beda']","['update', 'terbaru', 'sudah', 'ada', 'info', 'jumlah', 'penumpang.', 'good', 'job.', 'edit', ':', 'sudah', 'ada', 'info', 'tapi', 'sayangnya', 'jumlah', 'penumpang', 'di', 'aplikasi', 'dengan', 'real', 'di', 'bi', 'kok', 'beda', 'ya']",update terbaru sudah ada info jumlah penumpang. good job. edit : sudah ada info tapi sayangnya jumlah penumpang di aplikasi dengan real di bi kok beda ya,0.44999999999999996,0.45000000000000007,0.44999999999999996,0.45000000000000007,0.44999999999999996,0.45000000000000007,27,0,3,Positive
f8fad37d-b138-4c07-965b-a10514c5c3f0,Ha***********an,https://play-lh.googleusercontent.com/a/ACg8ocJ3cEI9RmRuvnPAV0Yed-DElxXtlmF9wwSi2Z_xYgaHkVysn-mo=mo,"antara aplikasi dengan realitas operasional banyak yang tidak cocok info navigasi & arah tujuan. sering kecele, di maps tertulis tujuan akhir gresik tapi yang datang tujuan sidoarjo!",2,1,1.0.6,2023-05-05 14:01:46,,,1.0.6,"['antara', 'aplikasi', 'dengan', 'realitas', 'operasional', 'banyak', 'yang', 'tidak', 'cocok', 'info', 'navigasi', '&', 'arah', 'tujuan.', 'sering', 'kecele,', 'di', 'maps', 'tertulis', 'tujuan', 'akhir', 'gresik', 'tapi', 'yang', 'datang', 'tujuan', 'sidoarjo!']","['aplikasi', 'realitas', 'operasional', 'banyak', 'cocok', 'info', 'navigasi', '&', 'arah', 'tujuan.', 'sering', 'kecele,', 'maps', 'tertulis', 'tujuan', 'akhir', 'gresik', 'datang', 'tujuan', 'sidoarjo!']","['antara', 'aplikasi', 'dengan', 'realitas', 'operasional', 'banyak', 'yang', 'tidak', 'cocok', 'info', 'navigasi', '&', 'arah', 'tujuan.', 'sering', 'kecele,', 'di', 'map', 'tertulis', 'tujuan', 'akhir', 'gresik', 'tapi', 'yang', 'datang', 'tujuan', 'sidoarjo!']","antara aplikasi dengan realitas operasional banyak yang tidak cocok info navigasi & arah tujuan. sering kecele, di map tertulis tujuan akhir gresik tapi yang datang tujuan sidoarjo!",0.0,0.0,0.0,0.0,0.0,0.0,27,0,4,Negative
c1c2ca57-acdb-47a0-9f6a-318520669211,He***********ri,https://play-lh.googleusercontent.com/a-/ALV-UjXb1GynYNL9HAQmPOmumYhuxxXbBzEQ2x4sIe-9CPBW1ZpXUIg,"bisa nge track armada terdekat di mana, penuh atau ngga. keren sih",5,1,1.0.6,2023-04-25 04:08:57,,,1.0.6,"['bisa', 'nge', 'track', 'armada', 'terdekat', 'di', 'mana,', 'penuh', 'atau', 'ngga.', 'keren', 'sih']","['nge', 'track', 'armada', 'terdekat', 'mana,', 'penuh', 'ngga.', 'keren', 'sih']","['bisa', 'nge', 'track', 'armada', 'terdekat', 'di', 'mana,', 'penuh', 'atau', 'ngga.', 'keren', 'sih']","bisa nge track armada terdekat di mana, penuh atau ngga. keren sih",0.0,0.0,0.0,0.0,0.0,0.0,12,0,2,Positive
06397456-6aa0-4411-8c82-1c7ce972dafe,Tu***************wo,https://play-lh.googleusercontent.com/a-/ALV-UjU3a0f9UPOBx9InunHchc5s78wCdKAgNTW-uv-FikiMDeC56dBDZA,"aplikasi sudah okey, namun armada tolong ditambah khususnya di jam peak hour, jarak antar bus nunggu lbh dari 20mnt,tau2 sudah penuh dan menunggu lagi",5,1,1.0.6,2023-02-21 10:55:12,segera akan ada penambahan armada ka üôè,2023-03-08 05:32:12,1.0.6,"['aplikasi', 'sudah', 'okey,', 'namun', 'armada', 'tolong', 'ditambah', 'khususnya', 'di', 'jam', 'peak', 'hour,', 'jarak', 'antar', 'bus', 'nunggu', 'lbh', 'dari', '20mnt,tau2', 'sudah', 'penuh', 'dan', 'menunggu', 'lagi']","['aplikasi', 'okey,', 'armada', 'ditambah', 'khususnya', 'jam', 'peak', 'hour,', 'jarak', 'antar', 'bus', 'nunggu', 'lbh', '20mnt,tau2', 'penuh', 'menunggu']","['aplikasi', 'sudah', 'okey,', 'namun', 'armada', 'tolong', 'ditambah', 'khususnya', 'di', 'jam', 'peak', 'hour,', 'jarak', 'antar', 'bus', 'nunggu', 'lbh', 'dari', '20mnt,tau2', 'sudah', 'penuh', 'dan', 'menunggu', 'lagi']","aplikasi sudah okey, namun armada tolong ditambah khususnya di jam peak hour, jarak antar bus nunggu lbh dari 20mnt,tau2 sudah penuh dan menunggu lagi",0.0,0.0,0.0,0.0,0.0,0.0,24,0,3,Positive
b9c5ddf4-eaf6-43be-bf00-dc388741a7c8,Fe*************ia,https://play-lh.googleusercontent.com/a-/ALV-UjVK7iD3AEbUusu0Jd7trDGwvnH0cI1yIBflNzez5G4LhPX0YNALpw,sangat membantu sekali buat berpergian. mudah digunakan,5,0,1.0.5,2023-02-15 06:48:01,terimakasih ka atas support nya kepada transjatim üôè,2023-03-08 05:34:38,1.0.5,"['sangat', 'membantu', 'sekali', 'buat', 'berpergian.', 'mudah', 'digunakan']","['sangat', 'membantu', 'sekali', 'buat', 'berpergian.', 'mudah', 'digunakan']","['sangat', 'membantu', 'sekali', 'buat', 'berpergian.', 'mudah', 'digunakan']",sangat membantu sekali buat berpergian. mudah digunakan,0.0,0.0,0.0,0.0,0.0,0.0,7,0,1,Positive
6b847d04-1f1d-42ce-a89b-c2f5f865cef5,Sa*ie,https://play-lh.googleusercontent.com/a/ACg8ocIOggeBrtWQqlJXrBSIXSaHc6YcTgqBizj8LTZPnNf1_WoaFg=mo,"bus terlalu lama berhenti di sidoarjo dan bunder, sehingga jarak tunggu antar bus 1 jam lebih",1,3,1.0.4,2023-01-30 05:11:58,"halo ka dikarenakan jumlah armada yg kurang untuk saat ini ka, dan sebentar lagi akan ada penambahan armada",2023-03-08 05:36:17,1.0.4,"['bus', 'terlalu', 'lama', 'berhenti', 'di', 'sidoarjo', 'dan', 'bunder,', 'sehingga', 'jarak', 'tunggu', 'antar', 'bus', '1', 'jam', 'lebih']","['bus', 'terlalu', 'lama', 'berhenti', 'sidoarjo', 'bunder,', 'jarak', 'tunggu', 'antar', 'bus', '1', 'jam', 'lebih']","['bus', 'terlalu', 'lama', 'berhenti', 'di', 'sidoarjo', 'dan', 'bunder,', 'sehingga', 'jarak', 'tunggu', 'antar', 'bus', '1', 'jam', 'lebih']","bus terlalu lama berhenti di sidoarjo dan bunder, sehingga jarak tunggu antar bus 1 jam lebih",0.0,0.0,0.0,0.0,0.0,0.0,16,0,1,Negative
b51ae70e-6e0e-4430-b5ab-b11097b652c6,AH********IS,https://play-lh.googleusercontent.com/a-/ALV-UjWmoorWlxvBsAd4NeSF1Q5qPXHbJezSUsBG0Py_TzsRlp0SVc7l,metode pembayaran mungkin bisa ditambah dengan e-wallet dsb,3,0,1.0.4,2023-01-27 16:36:35,,,1.0.4,"['metode', 'pembayaran', 'mungkin', 'bisa', 'ditambah', 'dengan', 'e-wallet', 'dsb']","['metode', 'pembayaran', 'mungkin', 'ditambah', 'e-wallet']","['metode', 'pembayaran', 'mungkin', 'bisa', 'ditambah', 'dengan', 'e-wallet', 'dsb']",metode pembayaran mungkin bisa ditambah dengan e-wallet dsb,0.0,0.0,0.0,0.0,0.0,0.0,8,0,1,Neutral
9534a21e-c85f-45a2-b304-8f27e1a2717a,M.***********ho,https://play-lh.googleusercontent.com/a-/ALV-UjXDbVo16X6Uv1Pt8IO2aZHeIIh0WQq_W9H2h4F2wkNCdIyvfUEk4Q,perbanyak macam metode pembayarannya,4,0,1.0.4,2022-12-22 04:32:19,"Halo kak, metode pembayaran kita melayani Tunai dan Non Tunai melalui aplikasi Transjatim Ajaib, Kartu Uang Elektronik, atau bisa dengan Qris saat berada didalam Bus. Terimakasih.",2023-01-18 13:03:10,1.0.4,"['perbanyak', 'macam', 'metode', 'pembayarannya']","['perbanyak', 'macam', 'metode', 'pembayarannya']","['perbanyak', 'macam', 'metode', 'pembayarannya']",perbanyak macam metode pembayarannya,0.0,0.0,0.0,0.0,0.0,0.0,4,0,0,Positive
234bf7cc-a95c-4a6e-be1e-1059ff65ddc1,Kr********ha,https://play-lh.googleusercontent.com/a-/ALV-UjXL4Q8Z7sxpxAoKJ5I6t8FsD1N7gzyFoWsVBeaPvI0qH63yhYI,"peminatnya banyak armada/busnya kurang dan jarak antar bis terlalu jauh jadi penumpang menunggu lama, semoga ada peningkatan untuk jarak antar bis dan jumlah armada",5,1,1.0.4,2022-12-20 07:26:32,"Halo kak, Saat ini sedang kita upayakan untuk penambahan armada Bus ya kak. Semoga segera terealisasi tahun ini dan mengurangi waktu interval antar Bus. Terimakasih.",2023-01-18 13:03:42,1.0.4,"['peminatnya', 'banyak', 'armada/busnya', 'kurang', 'dan', 'jarak', 'antar', 'bis', 'terlalu', 'jauh', 'jadi', 'penumpang', 'menunggu', 'lama,', 'semoga', 'ada', 'peningkatan', 'untuk', 'jarak', 'antar', 'bis', 'dan', 'jumlah', 'armada']","['peminatnya', 'banyak', 'armada/busnya', 'kurang', 'jarak', 'antar', 'bis', 'terlalu', 'jauh', 'jadi', 'penumpang', 'menunggu', 'lama,', 'semoga', 'peningkatan', 'jarak', 'antar', 'bis', 'jumlah', 'armada']","['peminatnya', 'banyak', 'armada/busnya', 'kurang', 'dan', 'jarak', 'antar', 'bi', 'terlalu', 'jauh', 'jadi', 'penumpang', 'menunggu', 'lama,', 'semoga', 'ada', 'peningkatan', 'untuk', 'jarak', 'antar', 'bi', 'dan', 'jumlah', 'armada']","peminatnya banyak armada/busnya kurang dan jarak antar bi terlalu jauh jadi penumpang menunggu lama, semoga ada peningkatan untuk jarak antar bi dan jumlah armada",0.0,0.0,0.0,0.0,0.0,0.0,24,0,2,Positive
f6bbe3eb-363e-45d2-8bf5-18eee8483e38,ma**********di,https://play-lh.googleusercontent.com/a-/ALV-UjUfXPNyQ-YnLB8uUnbdKw-017eQLm0J89KRFCS9IN_JSW6hMx_t,"aplikasi yg bermanfaat. saran kami, mohon ditambah 1 halte di gresik antara halte umg dengan halte rs semen gresik, karena jarak antara kedua halte tsb sangat jauh. selain itu, metode pembayaran mohon ditambah.",4,1,1.0.4,2022-12-13 20:07:38,terimakasih ka atas saran dan masukannya utk transjatim ka,2023-03-08 05:45:16,1.0.4,"['aplikasi', 'yg', 'bermanfaat.', 'saran', 'kami,', 'mohon', 'ditambah', '1', 'halte', 'di', 'gresik', 'antara', 'halte', 'umg', 'dengan', 'halte', 'rs', 'semen', 'gresik,', 'karena', 'jarak', 'antara', 'kedua', 'halte', 'tsb', 'sangat', 'jauh.', 'selain', 'itu,', 'metode', 'pembayaran', 'mohon', 'ditambah.']","['aplikasi', 'yg', 'bermanfaat.', 'saran', 'kami,', 'mohon', 'ditambah', '1', 'halte', 'gresik', 'halte', 'umg', 'halte', 'rs', 'semen', 'gresik,', 'jarak', 'kedua', 'halte', 'tsb', 'sangat', 'jauh.', 'itu,', 'metode', 'pembayaran', 'mohon', 'ditambah.']","['aplikasi', 'yg', 'bermanfaat.', 'saran', 'kami,', 'mohon', 'ditambah', '1', 'halte', 'di', 'gresik', 'antara', 'halte', 'umg', 'dengan', 'halte', 'r', 'semen', 'gresik,', 'karena', 'jarak', 'antara', 'kedua', 'halte', 'tsb', 'sangat', 'jauh.', 'selain', 'itu,', 'metode', 'pembayaran', 'mohon', 'ditambah.']","aplikasi yg bermanfaat. saran kami, mohon ditambah 1 halte di gresik antara halte umg dengan halte r semen gresik, karena jarak antara kedua halte tsb sangat jauh. selain itu, metode pembayaran mohon ditambah.",0.0,0.0,0.0,0.0,0.0,0.0,33,0,6,Positive
e30d7996-9f55-4d4d-aacc-3947779611a8,ys**ur,https://play-lh.googleusercontent.com/a-/ALV-UjWG0zjjnOPUOmPCZzAYwp1-_xXpZApJcvTqxFu2E7Vh6h9h_vPkQg,coba ditambahkan informasi jumlah atau kepadatan penumpang dari halte terakhir makin keren,4,3,1.0.4,2022-12-04 11:54:23,halo ka untuk saat ini sudah bisa dipantau jumlah penumpang di bus yg operasional ka,2023-03-08 05:44:47,1.0.4,"['coba', 'ditambahkan', 'informasi', 'jumlah', 'atau', 'kepadatan', 'penumpang', 'dari', 'halte', 'terakhir', 'makin', 'keren']","['coba', 'ditambahkan', 'informasi', 'jumlah', 'kepadatan', 'penumpang', 'halte', 'terakhir', 'makin', 'keren']","['coba', 'ditambahkan', 'informasi', 'jumlah', 'atau', 'kepadatan', 'penumpang', 'dari', 'halte', 'terakhir', 'makin', 'keren']",coba ditambahkan informasi jumlah atau kepadatan penumpang dari halte terakhir makin keren,0.0,0.0,0.0,0.0,0.0,0.0,12,0,0,Positive
f5f71325-3f53-4f04-a40c-d36ca229c7f2,Ri****************ar,https://play-lh.googleusercontent.com/a-/ALV-UjUPv0BhI2TgKbj7ZmBTr6UVK3LOKcWSiU9MhVPa-RzYQCEHKhGv,membantu sekali,5,0,,2022-12-03 10:32:00,terimakasih ka atas support nya kepada transjatim,2023-03-08 05:47:03,,"['membantu', 'sekali']","['membantu', 'sekali']","['membantu', 'sekali']",membantu sekali,0.0,0.0,0.0,0.0,0.0,0.0,2,0,0,Positive
d3d657f1-b052-41a0-9124-2209efb5e0e3,Ah**************fa,https://play-lh.googleusercontent.com/a/ACg8ocJ0wz9HH9U-cGztb8nAUKbj3DKN33-sbTe-67DeCfJSzESPMw=mo,"saat memasukkan pin untuk membeli tiket menggunakan astrapay, angka pin nya jgn dimunculkan di screen, sebaiknya menampilkan simbol bintang saja.",4,0,1.0.4,2022-12-02 17:51:10,,,1.0.4,"['saat', 'memasukkan', 'pin', 'untuk', 'membeli', 'tiket', 'menggunakan', 'astrapay,', 'angka', 'pin', 'nya', 'jgn', 'dimunculkan', 'di', 'screen,', 'sebaiknya', 'menampilkan', 'simbol', 'bintang', 'saja.']","['memasukkan', 'pin', 'membeli', 'tiket', 'menggunakan', 'astrapay,', 'angka', 'pin', 'nya', 'jgn', 'dimunculkan', 'screen,', 'sebaiknya', 'menampilkan', 'simbol', 'bintang', 'saja.']","['saat', 'memasukkan', 'pin', 'untuk', 'membeli', 'tiket', 'menggunakan', 'astrapay,', 'angka', 'pin', 'nya', 'jgn', 'dimunculkan', 'di', 'screen,', 'sebaiknya', 'menampilkan', 'simbol', 'bintang', 'saja.']","saat memasukkan pin untuk membeli tiket menggunakan astrapay, angka pin nya jgn dimunculkan di screen, sebaiknya menampilkan simbol bintang saja.",0.0,0.0,0.0,0.0,0.0,0.0,20,0,3,Positive
811c7a00-bf51-4112-9862-f8bd178cae95,Re***********di,https://play-lh.googleusercontent.com/a-/ALV-UjVvwmUMH8KKJVH2toAj7ua9ghWY1C3dfdHyWEJBCJWjjkAze-aV,masih kurang efektif untuk jalur terminal bunder - bungurasih. antar kekurangan armada atau apa?,3,1,1.0.4,2022-12-02 00:01:32,,,1.0.4,"['masih', 'kurang', 'efektif', 'untuk', 'jalur', 'terminal', 'bunder', '-', 'bungurasih.', 'antar', 'kekurangan', 'armada', 'atau', 'apa?']","['kurang', 'efektif', 'jalur', 'terminal', 'bunder', '-', 'bungurasih.', 'antar', 'kekurangan', 'armada', 'apa?']","['masih', 'kurang', 'efektif', 'untuk', 'jalur', 'terminal', 'bunder', '-', 'bungurasih.', 'antar', 'kekurangan', 'armada', 'atau', 'apa?']",masih kurang efektif untuk jalur terminal bunder - bungurasih. antar kekurangan armada atau apa?,0.0,0.0,0.0,0.0,0.0,0.0,14,0,3,Neutral
508e2ee0-9fec-49d5-916a-9ce49c177d4c,Na*******ti,https://play-lh.googleusercontent.com/a-/ALV-UjU7y-EGc8Xvu_9lKAV6ZGZZio4r1CRy0b1m0kOUDA3i_UfcTDsy,"semakin kesini pelayanan semakin buruk , entah apa kendalanya. ini penumpang sudah numpuk tapi tidak satupun bus yg lewat. jangan mentang-mentang dibutuhkan sehingga seenaknya dalam pelayanan.",2,1,1.0.4,2022-11-26 04:38:53,halo ka dikarenakan ada interval waktu menyesuaikan jumlah armada yg ada ka akan tetapi akan ada penambahan armada segera ka untuk mengurangi waktu interval tunggu,2023-03-08 05:51:01,1.0.4,"['semakin', 'kesini', 'pelayanan', 'semakin', 'buruk', ',', 'entah', 'apa', 'kendalanya.', 'ini', 'penumpang', 'sudah', 'numpuk', 'tapi', 'tidak', 'satupun', 'bus', 'yg', 'lewat.', 'jangan', 'mentang-mentang', 'dibutuhkan', 'sehingga', 'seenaknya', 'dalam', 'pelayanan.']","['semakin', 'kesini', 'pelayanan', 'semakin', 'buruk', ',', 'entah', 'apa', 'kendalanya.', 'penumpang', 'numpuk', 'satupun', 'bus', 'yg', 'lewat.', 'jangan', 'mentang-mentang', 'dibutuhkan', 'seenaknya', 'pelayanan.']","['semakin', 'kesini', 'pelayanan', 'semakin', 'buruk', ',', 'entah', 'apa', 'kendalanya.', 'ini', 'penumpang', 'sudah', 'numpuk', 'tapi', 'tidak', 'satupun', 'bus', 'yg', 'lewat.', 'jangan', 'mentang-mentang', 'dibutuhkan', 'sehingga', 'seenaknya', 'dalam', 'pelayanan.']","semakin kesini pelayanan semakin buruk , entah apa kendalanya. ini penumpang sudah numpuk tapi tidak satupun bus yg lewat. jangan mentang-mentang dibutuhkan sehingga seenaknya dalam pelayanan.",0.0,0.0,0.0,0.0,0.0,0.0,26,0,5,Negative
2d4cdd2f-7758-4ee5-a151-91b8854997bc,No*********di,https://play-lh.googleusercontent.com/a-/ALV-UjVd-quaKNmMPwbIqwv-c8mAe1xEvcJmUNQ3nEV24sQRJAELP4s,"saya sangat puas dengan aplikasi dan moda transportasi ini, hanya saja saat jam2 sibuk sering terjadi penumpukan penumpang dan d radar aplikasi banyak sekali armada yg standby. tolong di perhatikan.",5,0,1.0.4,2022-11-24 05:41:22,,,1.0.4,"['saya', 'sangat', 'puas', 'dengan', 'aplikasi', 'dan', 'moda', 'transportasi', 'ini,', 'hanya', 'saja', 'saat', 'jam2', 'sibuk', 'sering', 'terjadi', 'penumpukan', 'penumpang', 'dan', 'd', 'radar', 'aplikasi', 'banyak', 'sekali', 'armada', 'yg', 'standby.', 'tolong', 'di', 'perhatikan.']","['sangat', 'puas', 'aplikasi', 'moda', 'transportasi', 'ini,', 'jam2', 'sibuk', 'sering', 'terjadi', 'penumpukan', 'penumpang', 'radar', 'aplikasi', 'banyak', 'sekali', 'armada', 'yg', 'standby.', 'perhatikan.']","['saya', 'sangat', 'puas', 'dengan', 'aplikasi', 'dan', 'moda', 'transportasi', 'ini,', 'hanya', 'saja', 'saat', 'jam2', 'sibuk', 'sering', 'terjadi', 'penumpukan', 'penumpang', 'dan', 'd', 'radar', 'aplikasi', 'banyak', 'sekali', 'armada', 'yg', 'standby.', 'tolong', 'di', 'perhatikan.']","saya sangat puas dengan aplikasi dan moda transportasi ini, hanya saja saat jam2 sibuk sering terjadi penumpukan penumpang dan d radar aplikasi banyak sekali armada yg standby. tolong di perhatikan.",0.0,0.0,0.0,0.0,0.0,0.0,30,0,3,Positive
8e204897-d006-4333-a5b2-45acaf8e7e61,Ke************yo,https://play-lh.googleusercontent.com/a/ACg8ocJaEOzr1hxz2suoneWdB5fhrFyIOhbuu7NpEi3hpaUYZfUIMw=mo,"saya ada masalahnya malah sama keamanan bus. ugal2an dan nyalip dari bahu jalan tol. bus 09, 22 november 2022",3,1,,2022-11-22 00:33:05,,,,"['saya', 'ada', 'masalahnya', 'malah', 'sama', 'keamanan', 'bus.', 'ugal2an', 'dan', 'nyalip', 'dari', 'bahu', 'jalan', 'tol.', 'bus', '09,', '22', 'november', '2022']","['masalahnya', 'malah', 'sama', 'keamanan', 'bus.', 'ugal2an', 'nyalip', 'bahu', 'jalan', 'tol.', 'bus', '09,', '22', 'november', '2022']","['saya', 'ada', 'masalahnya', 'malah', 'sama', 'keamanan', 'bus.', 'ugal2an', 'dan', 'nyalip', 'dari', 'bahu', 'jalan', 'tol.', 'bus', '09,', '22', 'november', '2022']","saya ada masalahnya malah sama keamanan bus. ugal2an dan nyalip dari bahu jalan tol. bus 09, 22 november 2022",0.0,0.0,0.0,0.0,0.0,0.0,19,0,3,Neutral
5613ba27-1e65-4a2a-91b8-3aab7674c279,Nu********li,https://play-lh.googleusercontent.com/a-/ALV-UjW1RXqgDqw5PihyEc53MyPjv_rGqK6CZsnpCyF_voVgzZkNxYD4,"next time klo mudik pengen cobain dech, bravo trans jatim",5,5,1.0.4,2022-10-26 12:44:02,,,1.0.4,"['next', 'time', 'klo', 'mudik', 'pengen', 'cobain', 'dech,', 'bravo', 'trans', 'jatim']","['next', 'time', 'klo', 'mudik', 'pengen', 'cobain', 'dech,', 'bravo', 'trans', 'jatim']","['next', 'time', 'klo', 'mudik', 'pengen', 'cobain', 'dech,', 'bravo', 'trans', 'jatim']","next time klo mudik pengen cobain dech, bravo trans jatim",0.0,0.0,0.0,0.0,0.0,0.0,10,0,1,Positive
d3a356de-e26f-4243-9f2c-d1c547b9bd71,Dz************an,https://play-lh.googleusercontent.com/a-/ALV-UjW4iqV1KPxpYh6KeYPaZNSktplegQB2FqXmLhNyQqdkFhp4r0JE,okee,5,0,1.0.4,2022-10-21 23:30:07,,,1.0.4,['okee'],['okee'],['okee'],okee,0.0,0.0,0.0,0.0,0.0,0.0,1,0,0,Positive
c314560a-ac8e-47b5-8561-24a99314a1cf,M.************in,https://play-lh.googleusercontent.com/a-/ALV-UjVxECo1PjBO-1cHwkp4GH5kCGqUbInUlcWO0_1sSpsFOc9Ie2c,"sip, lebih sip lagi kalo diinfo jumlah penumpang & jumlah seharusnya duduk berapa, berdiri berapa",5,2,1.0.4,2022-10-16 10:03:47,,,1.0.4,"['sip,', 'lebih', 'sip', 'lagi', 'kalo', 'diinfo', 'jumlah', 'penumpang', '&', 'jumlah', 'seharusnya', 'duduk', 'berapa,', 'berdiri', 'berapa']","['sip,', 'lebih', 'sip', 'kalo', 'diinfo', 'jumlah', 'penumpang', '&', 'jumlah', 'duduk', 'berapa,', 'berdiri', 'berapa']","['sip,', 'lebih', 'sip', 'lagi', 'kalo', 'diinfo', 'jumlah', 'penumpang', '&', 'jumlah', 'seharusnya', 'duduk', 'berapa,', 'berdiri', 'berapa']","sip, lebih sip lagi kalo diinfo jumlah penumpang & jumlah seharusnya duduk berapa, berdiri berapa",0.0,0.0,0.0,0.0,0.0,0.0,15,0,3,Positive
dc8e7c05-0f3a-43a7-891d-d5c98e5e98ca,Yu************al,https://play-lh.googleusercontent.com/a-/ALV-UjV-evvEw4OjI0Tpg4BRonM1TC7tIHhQxCXGTcyjWYOLGuZaiXRGmw,"sayang tidak bisa berhenti di tol satelit, jadi kalau bisa turun di tol satelit, atau naik dari tol satelit, enak nih. karena rute saya larangan ke mayjen sungkono",5,0,1.0.4,2022-10-10 22:12:58,,,1.0.4,"['sayang', 'tidak', 'bisa', 'berhenti', 'di', 'tol', 'satelit,', 'jadi', 'kalau', 'bisa', 'turun', 'di', 'tol', 'satelit,', 'atau', 'naik', 'dari', 'tol', 'satelit,', 'enak', 'nih.', 'karena', 'rute', 'saya', 'larangan', 'ke', 'mayjen', 'sungkono']","['sayang', 'berhenti', 'tol', 'satelit,', 'jadi', 'kalau', 'turun', 'tol', 'satelit,', 'naik', 'tol', 'satelit,', 'enak', 'nih.', 'rute', 'larangan', 'mayjen', 'sungkono']","['sayang', 'tidak', 'bisa', 'berhenti', 'di', 'tol', 'satelit,', 'jadi', 'kalau', 'bisa', 'turun', 'di', 'tol', 'satelit,', 'atau', 'naik', 'dari', 'tol', 'satelit,', 'enak', 'nih.', 'karena', 'rute', 'saya', 'larangan', 'ke', 'mayjen', 'sungkono']","sayang tidak bisa berhenti di tol satelit, jadi kalau bisa turun di tol satelit, atau naik dari tol satelit, enak nih. karena rute saya larangan ke mayjen sungkono",0.0,0.0,0.0,0.0,0.0,0.0,28,0,4,Positive
3032b1e4-8ebd-4303-bf68-2ea15b50de2f,Kh************an,https://play-lh.googleusercontent.com/a-/ALV-UjVAA0fVMNonUo8TbW8zBrX_PmUn_YjOnMH_A0cABkgz21bmSQiV,"dalam aplikasi ( pilih semua bus ) tolong diperjelas dengan warna berbeda antara bus-bus dengan rute dari terminal bunder - bungurasih - terminal bunder, dengan rute porong - bungurasih - porong. solusi lain, dibuatkan folder berbeda antara kedua rute tersebut agar lebih mudah dimegerti.",4,0,1.0.4,2022-10-10 02:18:26,,,1.0.4,"['dalam', 'aplikasi', '(', 'pilih', 'semua', 'bus', ')', 'tolong', 'diperjelas', 'dengan', 'warna', 'berbeda', 'antara', 'bus-bus', 'dengan', 'rute', 'dari', 'terminal', 'bunder', '-', 'bungurasih', '-', 'terminal', 'bunder,', 'dengan', 'rute', 'porong', '-', 'bungurasih', '-', 'porong.', 'solusi', 'lain,', 'dibuatkan', 'folder', 'berbeda', 'antara', 'kedua', 'rute', 'tersebut', 'agar', 'lebih', 'mudah', 'dimegerti.']","['aplikasi', '(', 'pilih', 'semua', 'bus', ')', 'diperjelas', 'warna', 'berbeda', 'bus-bus', 'rute', 'terminal', 'bunder', '-', 'bungurasih', '-', 'terminal', 'bunder,', 'rute', 'porong', '-', 'bungurasih', '-', 'porong.', 'solusi', 'lain,', 'dibuatkan', 'folder', 'berbeda', 'kedua', 'rute', 'tersebut', 'lebih', 'mudah', 'dimegerti.']","['dalam', 'aplikasi', '(', 'pilih', 'semua', 'bus', ')', 'tolong', 'diperjelas', 'dengan', 'warna', 'berbeda', 'antara', 'bus-bus', 'dengan', 'rute', 'dari', 'terminal', 'bunder', '-', 'bungurasih', '-', 'terminal', 'bunder,', 'dengan', 'rute', 'porong', '-', 'bungurasih', '-', 'porong.', 'solusi', 'lain,', 'dibuatkan', 'folder', 'berbeda', 'antara', 'kedua', 'rute', 'tersebut', 'agar', 'lebih', 'mudah', 'dimegerti.']","dalam aplikasi ( pilih semua bus ) tolong diperjelas dengan warna berbeda antara bus-bus dengan rute dari terminal bunder - bungurasih - terminal bunder, dengan rute porong - bungurasih - porong. solusi lain, dibuatkan folder berbeda antara kedua rute tersebut agar lebih mudah dimegerti.",0.0,0.0,0.0,0.0,0.0,0.0,44,0,11,Positive
e40d82a2-fef5-41fb-b894-9dce6edf1654,ha********sa,https://play-lh.googleusercontent.com/a-/ALV-UjVZBO3RnY73yBBsFxlsAJQrImYOFtYuk-5JHvvrgRoN3oL1cKL7,sangat membantu untuk melihat posisi armada transjatim. tingkatkan terus layanannya.,5,0,1.0.3,2022-09-16 13:34:49,terimakasih ka atas support nya kepada transjatim,2023-03-08 05:56:36,1.0.3,"['sangat', 'membantu', 'untuk', 'melihat', 'posisi', 'armada', 'transjatim.', 'tingkatkan', 'terus', 'layanannya.']","['sangat', 'membantu', 'melihat', 'posisi', 'armada', 'transjatim.', 'tingkatkan', 'terus', 'layanannya.']","['sangat', 'membantu', 'untuk', 'melihat', 'posisi', 'armada', 'transjatim.', 'tingkatkan', 'terus', 'layanannya.']",sangat membantu untuk melihat posisi armada transjatim. tingkatkan terus layanannya.,0.0,0.0,0.0,0.0,0.0,0.0,10,0,2,Positive
73dd601b-8a36-48f9-b204-ed66b1b9c716,Pr*************ra,https://play-lh.googleusercontent.com/a/ACg8ocJ8pj4aQhHbFcru9Sc9owbEewQ02IRaPu53RAuGP6kmWqPQqg=mo,terlalu ribet untuk pembayarannya..jaman sekarang harusnya dipermudah dengan pembayaran melalui berbagai e-wallet jangan hanya astrapay saja,1,0,1.0.3,2022-09-12 05:50:42,"Pembayaran dapat dilakukan secara Tunai dan Non Tunai melalui aplikasi atau bisa juga menggunakan Qris (ovo, gopay, shopeepay, Mbanking, dll) saat berada didalam bus. Terimakasih.",2022-09-19 08:11:31,1.0.3,"['terlalu', 'ribet', 'untuk', 'pembayarannya..jaman', 'sekarang', 'harusnya', 'dipermudah', 'dengan', 'pembayaran', 'melalui', 'berbagai', 'e-wallet', 'jangan', 'hanya', 'astrapay', 'saja']","['terlalu', 'ribet', 'pembayarannya..jaman', 'sekarang', 'harusnya', 'dipermudah', 'pembayaran', 'melalui', 'berbagai', 'e-wallet', 'jangan', 'astrapay']","['terlalu', 'ribet', 'untuk', 'pembayarannya..jaman', 'sekarang', 'harusnya', 'dipermudah', 'dengan', 'pembayaran', 'melalui', 'berbagai', 'e-wallet', 'jangan', 'hanya', 'astrapay', 'saja']",terlalu ribet untuk pembayarannya..jaman sekarang harusnya dipermudah dengan pembayaran melalui berbagai e-wallet jangan hanya astrapay saja,0.0,0.0,0.0,0.0,0.0,0.0,16,0,3,Negative
7956d500-ecb3-44e8-ac54-232a2f62269f,de********ng,https://play-lh.googleusercontent.com/a/ACg8ocLBVeQaz7Af2f3YTKzcBU_oZx9kolla7dwj4dOu1ZAAjUEMOg=mo,vagus memudahkan,5,0,,2022-09-10 14:12:45,,,,"['vagus', 'memudahkan']","['vagus', 'memudahkan']","['vagus', 'memudahkan']",vagus memudahkan,0.0,0.0,0.0,0.0,0.0,0.0,2,0,0,Positive
b26f00f1-1996-4f78-8390-c8ab9812089f,No*******hy,https://play-lh.googleusercontent.com/a-/ALV-UjVrjztW1admjbO_k0lBp5KPFo5y9iYq3L1EK9rmnZTbIPCli5US,"sudah baik, kalau bisa pembayaran tambah dari bank atau aplikasi multipayment lainnya",5,0,,2022-09-02 14:50:43,"Pembayaran dapat dilakukan menggunakan Qris saat didalam Bus ya kak. Fasilitas Qris ada di Ovo, gopay, mobile banking, dll. Terimakasih",2022-09-03 15:08:39,,"['sudah', 'baik,', 'kalau', 'bisa', 'pembayaran', 'tambah', 'dari', 'bank', 'atau', 'aplikasi', 'multipayment', 'lainnya']","['baik,', 'kalau', 'pembayaran', 'tambah', 'bank', 'aplikasi', 'multipayment', 'lainnya']","['sudah', 'baik,', 'kalau', 'bisa', 'pembayaran', 'tambah', 'dari', 'bank', 'atau', 'aplikasi', 'multipayment', 'lainnya']","sudah baik, kalau bisa pembayaran tambah dari bank atau aplikasi multipayment lainnya",0.0,0.0,0.0,0.0,0.0,0.0,12,0,1,Positive
ddc92aac-ccc5-42b8-a903-925784e2e688,Ay***********ri,https://play-lh.googleusercontent.com/a-/ALV-UjWcsWL7o7mEPGj9_4x5TW31uLyLmBY4NIJxYAiHOCW1DyX-4bgF,seneng banget udah ada trans ke gresik. aku harap nanti semakin banyak bus trans di jatim. kalau bisa. trans dari terminal bunder ke dukun atau paciran.,5,1,1.0.3,2022-09-02 06:38:35,,,1.0.3,"['seneng', 'banget', 'udah', 'ada', 'trans', 'ke', 'gresik.', 'aku', 'harap', 'nanti', 'semakin', 'banyak', 'bus', 'trans', 'di', 'jatim.', 'kalau', 'bisa.', 'trans', 'dari', 'terminal', 'bunder', 'ke', 'dukun', 'atau', 'paciran.']","['seneng', 'banget', 'udah', 'trans', 'gresik.', 'aku', 'harap', 'semakin', 'banyak', 'bus', 'trans', 'jatim.', 'kalau', 'bisa.', 'trans', 'terminal', 'bunder', 'dukun', 'paciran.']","['seneng', 'banget', 'udah', 'ada', 'trans', 'ke', 'gresik.', 'aku', 'harap', 'nanti', 'semakin', 'banyak', 'bus', 'trans', 'di', 'jatim.', 'kalau', 'bisa.', 'trans', 'dari', 'terminal', 'bunder', 'ke', 'dukun', 'atau', 'paciran.']",seneng banget udah ada trans ke gresik. aku harap nanti semakin banyak bus trans di jatim. kalau bisa. trans dari terminal bunder ke dukun atau paciran.,0.0,0.0,0.0,0.0,0.0,0.0,26,0,4,Positive
6fdde42e-471b-4075-acdc-da83f007e609,Ma********ha,https://play-lh.googleusercontent.com/a-/ALV-UjXPO49gZlYmTNuOGlDbYlngOT-K-fzGxqXNnmw6zDaIIwi8PQLC,semoga diperbanyak armada bus nya dan diperpanjang lagi jam operasionalnya. thx u,5,1,1.0.3,2022-09-01 13:11:45,terimakasih ka atas support nya kepada transjatim,2023-03-08 06:01:58,1.0.3,"['semoga', 'diperbanyak', 'armada', 'bus', 'nya', 'dan', 'diperpanjang', 'lagi', 'jam', 'operasionalnya.', 'thx', 'u']","['semoga', 'diperbanyak', 'armada', 'bus', 'nya', 'diperpanjang', 'jam', 'operasionalnya.', 'thx', 'u']","['semoga', 'diperbanyak', 'armada', 'bus', 'nya', 'dan', 'diperpanjang', 'lagi', 'jam', 'operasionalnya.', 'thx', 'u']",semoga diperbanyak armada bus nya dan diperpanjang lagi jam operasionalnya. thx u,0.0,0.0,0.0,0.0,0.0,0.0,12,0,1,Positive
ecec840b-f143-4b18-bcce-4682076b96d6,Wi*****to,https://play-lh.googleusercontent.com/a-/ALV-UjXgBpVQ-wa9uGjWx1nQ7bi_NOpWXWmhsg3G1FhbwkW6qfC_sDWZ,"jadwal operasional sampai jam 9 malam, tapi jam 8 sudah terakhir dari bunder ke bungurasih. damn.",1,2,1.0.3,2022-08-28 13:13:28,,,1.0.3,"['jadwal', 'operasional', 'sampai', 'jam', '9', 'malam,', 'tapi', 'jam', '8', 'sudah', 'terakhir', 'dari', 'bunder', 'ke', 'bungurasih.', 'damn.']","['jadwal', 'operasional', 'jam', '9', 'malam,', 'jam', '8', 'terakhir', 'bunder', 'bungurasih.', 'damn.']","['jadwal', 'operasional', 'sampai', 'jam', '9', 'malam,', 'tapi', 'jam', '8', 'sudah', 'terakhir', 'dari', 'bunder', 'ke', 'bungurasih.', 'damn.']","jadwal operasional sampai jam 9 malam, tapi jam 8 sudah terakhir dari bunder ke bungurasih. damn.",0.0,0.0,0.0,0.0,0.0,0.0,16,0,3,Negative
29ef1f19-46c0-4e64-bb31-c1d8e25f620e,Vl**********in,https://play-lh.googleusercontent.com/a-/ALV-UjUJFwirFMgCrYUgr2lSPZciLbe8l5liNErYibbeYfhy8pbVaTI,mantappp,5,0,,2022-08-26 13:20:35,,,,['mantappp'],['mantappp'],['mantappp'],mantappp,0.0,0.0,0.0,0.0,0.0,0.0,1,0,0,Positive
014833e3-f0cf-4412-8712-606efc09839c,Ba***********yo,https://play-lh.googleusercontent.com/a-/ALV-UjWPMt0onu8DdrESpRZ89-CknpwosMx4QIljhzNeDzEawFPXuNi4,"opsi pembayaran hanya ada astrapay, di era sekarang wajib terbuka bisa untuk semua merchant payment",1,4,1.0.3,2022-08-23 10:10:58,"jadi jika punya saldo ovo, gopay, linkaja, astrapay, dana, gopay, linkaja, ovo dan dompet digital lainnya bisa bayar tiket dg scan QRIS yg ada pada mesin tiketing pramugara/i",2022-08-27 01:11:44,1.0.3,"['opsi', 'pembayaran', 'hanya', 'ada', 'astrapay,', 'di', 'era', 'sekarang', 'wajib', 'terbuka', 'bisa', 'untuk', 'semua', 'merchant', 'payment']","['opsi', 'pembayaran', 'astrapay,', 'era', 'sekarang', 'wajib', 'terbuka', 'semua', 'merchant', 'payment']","['opsi', 'pembayaran', 'hanya', 'ada', 'astrapay,', 'di', 'era', 'sekarang', 'wajib', 'terbuka', 'bisa', 'untuk', 'semua', 'merchant', 'payment']","opsi pembayaran hanya ada astrapay, di era sekarang wajib terbuka bisa untuk semua merchant payment",0.0,0.0,0.0,0.0,0.0,0.0,15,0,1,Negative
1a76bb28-b22c-4105-a252-7fafc265a9a7,Bu******************ra,https://play-lh.googleusercontent.com/a-/ALV-UjXRD95SK8s3ikKfN1zhryBpGWLNKMortz7rnUFPUEGfiV5tgE4X,"1. mohon ditambahkan halte alun-alun sidoarjo, mengingat tingginya minat penumpang yg naik dan turun di lokasi tsb. 2. running text alangkah lebih informatifnya kalau diganti dgn info tujuan atau bisa dengan info next halte pemberhentian.",4,1,1.0.3,2022-08-23 02:06:22,,,1.0.3,"['1.', 'mohon', 'ditambahkan', 'halte', 'alun-alun', 'sidoarjo,', 'mengingat', 'tingginya', 'minat', 'penumpang', 'yg', 'naik', 'dan', 'turun', 'di', 'lokasi', 'tsb.', '2.', 'running', 'text', 'alangkah', 'lebih', 'informatifnya', 'kalau', 'diganti', 'dgn', 'info', 'tujuan', 'atau', 'bisa', 'dengan', 'info', 'next', 'halte', 'pemberhentian.']","['1.', 'mohon', 'ditambahkan', 'halte', 'alun-alun', 'sidoarjo,', 'mengingat', 'tingginya', 'minat', 'penumpang', 'yg', 'naik', 'turun', 'lokasi', 'tsb.', '2.', 'running', 'text', 'alangkah', 'lebih', 'informatifnya', 'kalau', 'diganti', 'dgn', 'info', 'tujuan', 'info', 'next', 'halte', 'pemberhentian.']","['1.', 'mohon', 'ditambahkan', 'halte', 'alun-alun', 'sidoarjo,', 'mengingat', 'tingginya', 'minat', 'penumpang', 'yg', 'naik', 'dan', 'turun', 'di', 'lokasi', 'tsb.', '2.', 'running', 'text', 'alangkah', 'lebih', 'informatifnya', 'kalau', 'diganti', 'dgn', 'info', 'tujuan', 'atau', 'bisa', 'dengan', 'info', 'next', 'halte', 'pemberhentian.']","1. mohon ditambahkan halte alun-alun sidoarjo, mengingat tingginya minat penumpang yg naik dan turun di lokasi tsb. 2. running text alangkah lebih informatifnya kalau diganti dgn info tujuan atau bisa dengan info next halte pemberhentian.",0.0,0.0,0.0,0.0,0.0,0.0,35,0,6,Positive
9864012f-6e8b-4d2f-ad3f-8ca247029580,Ag**********to,https://play-lh.googleusercontent.com/a-/ALV-UjW0lLe8LRoCqIg4AULOPi9y82J4P-Z51o5-dzIRiuxRlfLfx9UT,"tolong opsi pembayarannya diperbanyak, moga ada yang ke arah sidoarjo barat/mojokerto juga.",4,0,1.0.3,2022-08-22 14:30:36,"Terima kasih atas masukannya
Untuk pembayaran dg ovo gopay linkaja dan semua dompet elektronik online lainnya bahkan semua bank di indonesia yg mempunyai mobile banking dan mobile banking tersebut memiliki fasilitas pembayaran dengan scan QRIS, sudah kami sediakan scan QRIS di alat tiketing pramugara/i",2022-08-27 01:21:16,1.0.3,"['tolong', 'opsi', 'pembayarannya', 'diperbanyak,', 'moga', 'ada', 'yang', 'ke', 'arah', 'sidoarjo', 'barat/mojokerto', 'juga.']","['opsi', 'pembayarannya', 'diperbanyak,', 'moga', 'arah', 'sidoarjo', 'barat/mojokerto', 'juga.']","['tolong', 'opsi', 'pembayarannya', 'diperbanyak,', 'moga', 'ada', 'yang', 'ke', 'arah', 'sidoarjo', 'barat/mojokerto', 'juga.']","tolong opsi pembayarannya diperbanyak, moga ada yang ke arah sidoarjo barat/mojokerto juga.",0.0,0.0,0.0,0.0,0.0,0.0,12,0,3,Positive
536c1f71-4cd1-4a1b-b9de-4dd05599d9eb,GR****************************AW,https://play-lh.googleusercontent.com/a-/ALV-UjXAIr3VDnFQ7hB6bQqNk-Q9h2KDYPU8bVCULZKeQn1oIo6nUQI,top,5,0,1.0.3,2022-08-21 08:13:05,terimakasih ka atas support nya kepada transjatim,2023-03-08 06:07:15,1.0.3,['top'],['top'],['top'],top,0.5,0.5,0.5,0.5,0.5,0.5,1,0,0,Positive
2a3a2491-d904-4b72-bd06-a87c89b6efd9,im**********no,https://play-lh.googleusercontent.com/a/ACg8ocLKlinEaProQ5OtTlNbJ1ygODKi-ctywzF2hK-3OhsljEk3lw=mo,aplikasi nya sudah bagus. mohon untuk metode pembayaran nya utk diperbanyak e-walet nya. trims,5,1,1.0.3,2022-08-20 06:18:50,"Pembayaran bisa dilakukan secara tunai dan non tunai melalui aplikasi atau Qris saat didalam Bus. (Ovo, gopay, linkaja, dan semua bank di Indonesia yang menyediakan mobile banking dan mobile banking tersebut memiliki fasilitas Qris). Terimakasih",2022-08-27 06:18:55,1.0.3,"['aplikasi', 'nya', 'sudah', 'bagus.', 'mohon', 'untuk', 'metode', 'pembayaran', 'nya', 'utk', 'diperbanyak', 'e-walet', 'nya.', 'trims']","['aplikasi', 'nya', 'bagus.', 'mohon', 'metode', 'pembayaran', 'nya', 'utk', 'diperbanyak', 'e-walet', 'nya.', 'trims']","['aplikasi', 'nya', 'sudah', 'bagus.', 'mohon', 'untuk', 'metode', 'pembayaran', 'nya', 'utk', 'diperbanyak', 'e-walet', 'nya.', 'trim']",aplikasi nya sudah bagus. mohon untuk metode pembayaran nya utk diperbanyak e-walet nya. trim,0.0,0.0,0.0,0.0,0.0,0.0,14,0,3,Positive
952b8b74-7e1b-42c6-9a13-5dc673e0fbb4,Di*********ha,https://play-lh.googleusercontent.com/a-/ALV-UjXBDR_-eQoqWCRNNaaT1HX97L-GpFmOK7_qGfZN4Rz3O3nPa16V,kalau bisa ditambahkan halte di perak,5,0,1.0.3,2022-08-20 05:20:14,terimakasih ka atas support nya kepada transjatim,2023-03-08 06:09:48,1.0.3,"['kalau', 'bisa', 'ditambahkan', 'halte', 'di', 'perak']","['kalau', 'ditambahkan', 'halte', 'perak']","['kalau', 'bisa', 'ditambahkan', 'halte', 'di', 'perak']",kalau bisa ditambahkan halte di perak,0.0,0.0,0.0,0.0,0.0,0.0,6,0,0,Positive
